-- MySQL dump 10.13  Distrib 8.0.38, for Win64 (x86_64)
--
-- Host: k11a505.p.ssafy.io    Database: best_friend
-- ------------------------------------------------------
-- Server version	8.0.40-0ubuntu0.20.04.1

/*!40101 SET @OLD_CHARACTER_SET_CLIENT=@@CHARACTER_SET_CLIENT */;
/*!40101 SET @OLD_CHARACTER_SET_RESULTS=@@CHARACTER_SET_RESULTS */;
/*!40101 SET @OLD_COLLATION_CONNECTION=@@COLLATION_CONNECTION */;
/*!50503 SET NAMES utf8 */;
/*!40103 SET @OLD_TIME_ZONE=@@TIME_ZONE */;
/*!40103 SET TIME_ZONE='+00:00' */;
/*!40014 SET @OLD_UNIQUE_CHECKS=@@UNIQUE_CHECKS, UNIQUE_CHECKS=0 */;
/*!40014 SET @OLD_FOREIGN_KEY_CHECKS=@@FOREIGN_KEY_CHECKS, FOREIGN_KEY_CHECKS=0 */;
/*!40101 SET @OLD_SQL_MODE=@@SQL_MODE, SQL_MODE='NO_AUTO_VALUE_ON_ZERO' */;
/*!40111 SET @OLD_SQL_NOTES=@@SQL_NOTES, SQL_NOTES=0 */;

--
-- Table structure for table `background`
--

DROP TABLE IF EXISTS `background`;
/*!40101 SET @saved_cs_client     = @@character_set_client */;
/*!50503 SET character_set_client = utf8mb4 */;
CREATE TABLE `background` (
  `background_id` bigint NOT NULL AUTO_INCREMENT,
  `price` bigint DEFAULT NULL,
  `background_serial_number` bigint DEFAULT NULL,
  PRIMARY KEY (`background_id`),
  UNIQUE KEY `UKhefnes8300grm8c7unw5di0ar` (`background_serial_number`)
) ENGINE=InnoDB AUTO_INCREMENT=19 DEFAULT CHARSET=utf8mb4 COLLATE=utf8mb4_0900_ai_ci;
/*!40101 SET character_set_client = @saved_cs_client */;

--
-- Dumping data for table `background`
--

LOCK TABLES `background` WRITE;
/*!40000 ALTER TABLE `background` DISABLE KEYS */;
INSERT INTO `background` VALUES (1,200,50),(2,200,51),(3,200,52),(4,200,53),(5,200,54),(6,200,55),(7,200,56),(8,200,57),(9,200,58),(10,200,59),(11,200,60),(12,200,61),(13,200,62),(14,200,63),(15,200,64),(16,200,65),(17,200,66),(18,200,67);
/*!40000 ALTER TABLE `background` ENABLE KEYS */;
UNLOCK TABLES;

--
-- Table structure for table `character_info`
--

DROP TABLE IF EXISTS `character_info`;
/*!40101 SET @saved_cs_client     = @@character_set_client */;
/*!50503 SET character_set_client = utf8mb4 */;
CREATE TABLE `character_info` (
  `character_info_id` bigint NOT NULL AUTO_INCREMENT,
  `character_name` varchar(255) DEFAULT NULL,
  `price` bigint DEFAULT NULL,
  `character_info_serial_number` bigint DEFAULT NULL,
  PRIMARY KEY (`character_info_id`),
  UNIQUE KEY `UKixwce2kl9ngm7p38p4soiuec1` (`character_info_serial_number`)
) ENGINE=InnoDB AUTO_INCREMENT=12 DEFAULT CHARSET=utf8mb4 COLLATE=utf8mb4_0900_ai_ci;
/*!40101 SET character_set_client = @saved_cs_client */;

--
-- Dumping data for table `character_info`
--

LOCK TABLES `character_info` WRITE;
/*!40000 ALTER TABLE `character_info` DISABLE KEYS */;
INSERT INTO `character_info` VALUES (1,'Cat0',0,0),(2,'Cat1',1500,1),(3,'Cat2',1500,2),(4,'Bear0',1500,3),(5,'Bear1',1500,4),(6,'Bear2',1500,5),(7,'Bird0',1500,6),(8,'Bird1',1500,7),(9,'Bird2',1500,8);
/*!40000 ALTER TABLE `character_info` ENABLE KEYS */;
UNLOCK TABLES;

--
-- Table structure for table `item`
--

DROP TABLE IF EXISTS `item`;
/*!40101 SET @saved_cs_client     = @@character_set_client */;
/*!50503 SET character_set_client = utf8mb4 */;
CREATE TABLE `item` (
  `item_id` bigint NOT NULL AUTO_INCREMENT,
  `item_category` tinyint DEFAULT NULL,
  `price` bigint DEFAULT NULL,
  `character_info_id` bigint NOT NULL,
  `team_id` bigint NOT NULL,
  `item_serial_number` bigint DEFAULT NULL,
  PRIMARY KEY (`item_id`),
  KEY `FK1loxrqa7dfd00etlpxeuowoh1` (`character_info_id`),
  KEY `FKhv638lbxljrpcdmevkl1hd49w` (`team_id`),
  CONSTRAINT `FK1loxrqa7dfd00etlpxeuowoh1` FOREIGN KEY (`character_info_id`) REFERENCES `character_info` (`character_info_id`),
  CONSTRAINT `FKhv638lbxljrpcdmevkl1hd49w` FOREIGN KEY (`team_id`) REFERENCES `team` (`team_id`)
) ENGINE=InnoDB AUTO_INCREMENT=761 DEFAULT CHARSET=utf8mb4 COLLATE=utf8mb4_0900_ai_ci;
/*!40101 SET character_set_client = @saved_cs_client */;

--
-- Dumping data for table `item`
--

LOCK TABLES `item` WRITE;
/*!40000 ALTER TABLE `item` DISABLE KEYS */;
INSERT INTO `item` VALUES (572,0,500,1,1,100),(573,0,500,1,5,101),(574,0,500,1,3,102),(575,0,500,1,9,103),(576,0,500,1,6,104),(577,0,500,1,4,105),(578,0,500,1,7,106),(579,0,500,1,2,107),(580,0,500,1,10,108),(581,0,500,1,8,109),(582,0,500,1,11,110),(583,0,500,1,11,111),(584,0,500,1,11,112),(585,0,500,1,11,113),(586,1,250,1,11,400),(587,1,250,1,11,401),(588,1,250,1,11,402),(589,2,400,1,11,700),(590,2,400,1,11,701),(591,2,400,1,11,702),(592,2,400,1,11,703),(593,0,500,2,1,120),(594,0,500,2,5,121),(595,0,500,2,3,122),(596,0,500,2,9,123),(597,0,500,2,6,124),(598,0,500,2,4,125),(599,0,500,2,7,126),(600,0,500,2,2,127),(601,0,500,2,10,128),(602,0,500,2,8,129),(603,0,500,2,11,130),(604,0,500,2,11,131),(605,0,500,2,11,132),(606,0,500,2,11,133),(607,1,250,2,11,410),(608,1,250,2,11,411),(609,1,250,2,11,412),(610,2,400,2,11,710),(611,2,400,2,11,711),(612,2,400,2,11,712),(613,2,400,2,11,713),(614,0,500,3,1,140),(615,0,500,3,5,141),(616,0,500,3,3,142),(617,0,500,3,9,143),(618,0,500,3,6,144),(619,0,500,3,4,145),(620,0,500,3,7,146),(621,0,500,3,2,147),(622,0,500,3,10,148),(623,0,500,3,8,149),(624,0,500,3,11,150),(625,0,500,3,11,151),(626,0,500,3,11,152),(627,0,500,3,11,153),(628,1,250,3,11,420),(629,1,250,3,11,421),(630,1,250,3,11,422),(631,2,400,3,11,720),(632,2,400,3,11,721),(633,2,400,3,11,722),(634,2,400,3,11,723),(635,0,500,4,1,160),(636,0,500,4,5,161),(637,0,500,4,3,162),(638,0,500,4,9,163),(639,0,500,4,6,164),(640,0,500,4,4,165),(641,0,500,4,7,166),(642,0,500,4,2,167),(643,0,500,4,10,168),(644,0,500,4,8,169),(645,0,500,4,11,170),(646,0,500,4,11,171),(647,0,500,4,11,172),(648,0,500,4,11,173),(649,1,250,4,11,430),(650,1,250,4,11,431),(651,1,250,4,11,432),(652,2,400,4,11,730),(653,2,400,4,11,731),(654,2,400,4,11,732),(655,2,400,4,11,733),(656,0,500,5,1,180),(657,0,500,5,5,181),(658,0,500,5,3,182),(659,0,500,5,9,183),(660,0,500,5,6,184),(661,0,500,5,4,185),(662,0,500,5,7,186),(663,0,500,5,2,187),(664,0,500,5,10,188),(665,0,500,5,8,189),(666,0,500,5,11,190),(667,0,500,5,11,191),(668,0,500,5,11,192),(669,0,500,5,11,193),(670,1,250,5,11,440),(671,1,250,5,11,441),(672,1,250,5,11,442),(673,2,400,5,11,740),(674,2,400,5,11,741),(675,2,400,5,11,742),(676,2,400,5,11,743),(677,0,500,6,1,200),(678,0,500,6,5,201),(679,0,500,6,3,202),(680,0,500,6,9,203),(681,0,500,6,6,204),(682,0,500,6,4,205),(683,0,500,6,7,206),(684,0,500,6,2,207),(685,0,500,6,10,208),(686,0,500,6,8,209),(687,0,500,6,11,210),(688,0,500,6,11,211),(689,0,500,6,11,212),(690,0,500,6,11,213),(691,1,250,6,11,450),(692,1,250,6,11,451),(693,1,250,6,11,452),(694,2,400,6,11,750),(695,2,400,6,11,751),(696,2,400,6,11,752),(697,2,400,6,11,753),(698,0,500,7,1,220),(699,0,500,7,5,221),(700,0,500,7,3,222),(701,0,500,7,9,223),(702,0,500,7,6,224),(703,0,500,7,4,225),(704,0,500,7,7,226),(705,0,500,7,2,227),(706,0,500,7,10,228),(707,0,500,7,8,229),(708,0,500,7,11,230),(709,0,500,7,11,231),(710,0,500,7,11,232),(711,0,500,7,11,233),(712,1,250,7,11,460),(713,1,250,7,11,461),(714,1,250,7,11,462),(715,2,400,7,11,760),(716,2,400,7,11,761),(717,2,400,7,11,762),(718,2,400,7,11,763),(719,0,500,8,1,240),(720,0,500,8,5,241),(721,0,500,8,3,242),(722,0,500,8,9,243),(723,0,500,8,6,244),(724,0,500,8,4,245),(725,0,500,8,7,246),(726,0,500,8,2,247),(727,0,500,8,10,248),(728,0,500,8,8,249),(729,0,500,8,11,250),(730,0,500,8,11,251),(731,0,500,8,11,252),(732,0,500,8,11,253),(733,1,250,8,11,470),(734,1,250,8,11,471),(735,1,250,8,11,472),(736,2,400,8,11,770),(737,2,400,8,11,771),(738,2,400,8,11,772),(739,2,400,8,11,773),(740,0,500,9,1,260),(741,0,500,9,5,261),(742,0,500,9,3,262),(743,0,500,9,9,263),(744,0,500,9,6,264),(745,0,500,9,4,265),(746,0,500,9,7,266),(747,0,500,9,2,267),(748,0,500,9,10,268),(749,0,500,9,8,269),(750,0,500,9,11,270),(751,0,500,9,11,271),(752,0,500,9,11,272),(753,0,500,9,11,273),(754,1,250,9,11,480),(755,1,250,9,11,481),(756,1,250,9,11,482),(757,2,400,9,11,780),(758,2,400,9,11,781),(759,2,400,9,11,782),(760,2,400,9,11,783);
/*!40000 ALTER TABLE `item` ENABLE KEYS */;
UNLOCK TABLES;

--
-- Table structure for table `match_info`
--

DROP TABLE IF EXISTS `match_info`;
/*!40101 SET @saved_cs_client     = @@character_set_client */;
/*!50503 SET character_set_client = utf8mb4 */;
CREATE TABLE `match_info` (
  `away_score` int NOT NULL,
  `home_score` int NOT NULL,
  `match_result` tinyint DEFAULT NULL,
  `match_date` datetime(6) DEFAULT NULL,
  `match_info_id` bigint NOT NULL AUTO_INCREMENT,
  `team_away_id` bigint DEFAULT NULL,
  `team_home_id` bigint DEFAULT NULL,
  `location` varchar(255) DEFAULT NULL,
  `match_url` varchar(255) DEFAULT NULL,
  `parent_match_info_id` bigint DEFAULT NULL,
  PRIMARY KEY (`match_info_id`),
  UNIQUE KEY `unique_match_info` (`location`,`match_date`),
  KEY `FK4fv79lb84de1kl507fkaah9qk` (`team_away_id`),
  KEY `FKqeaoqdf73ymjgmxqj6slahq0b` (`team_home_id`),
  CONSTRAINT `FK4fv79lb84de1kl507fkaah9qk` FOREIGN KEY (`team_away_id`) REFERENCES `team` (`team_id`),
  CONSTRAINT `FKqeaoqdf73ymjgmxqj6slahq0b` FOREIGN KEY (`team_home_id`) REFERENCES `team` (`team_id`),
  CONSTRAINT `match_result` CHECK ((`match_result` between 0 and 5))
) ENGINE=InnoDB AUTO_INCREMENT=244 DEFAULT CHARSET=utf8mb4 COLLATE=utf8mb4_0900_ai_ci;
/*!40101 SET character_set_client = @saved_cs_client */;

--
-- Dumping data for table `match_info`
--

LOCK TABLES `match_info` WRITE;
/*!40000 ALTER TABLE `match_info` DISABLE KEYS */;
INSERT INTO `match_info` VALUES (9,2,3,'2024-11-19 09:38:00.000000',1,1,2,'대구',NULL,NULL),(0,0,0,'2024-11-19 10:00:00.000000',2,4,3,'잠실',NULL,NULL),(0,0,0,'2024-11-19 10:00:00.000000',3,6,5,'수원',NULL,NULL),(5,1,3,'2024-10-01 17:00:00.000000',4,7,9,'창원',NULL,NULL),(4,3,3,'2024-09-01 14:00:00.000000',5,7,4,'잠실',NULL,NULL),(8,2,3,'2024-09-01 14:00:00.000000',6,9,6,'문학',NULL,NULL),(6,5,3,'2024-09-01 14:00:00.000000',7,1,2,'대구',NULL,NULL),(1,5,1,'2024-09-03 18:30:00.000000',8,7,2,'대구',NULL,NULL),(5,11,1,'2024-09-03 18:30:00.000000',9,10,9,'창원',NULL,NULL),(5,7,1,'2024-09-03 18:30:00.000000',10,3,1,'광주',NULL,NULL),(1,7,1,'2024-09-03 18:30:00.000000',11,4,8,'대전',NULL,NULL),(0,5,1,'2024-09-04 18:30:00.000000',12,6,3,'잠실',NULL,NULL),(5,7,1,'2024-09-04 18:30:00.000000',13,5,7,'사직',NULL,NULL),(3,7,1,'2024-09-04 18:30:00.000000',14,4,2,'대구',NULL,NULL),(6,13,1,'2024-09-04 18:30:00.000000',15,10,9,'창원',NULL,NULL),(5,4,3,'2024-09-04 18:30:00.000000',16,8,1,'광주',NULL,NULL),(4,2,3,'2024-09-05 18:30:00.000000',17,6,3,'잠실',NULL,NULL),(12,2,3,'2024-09-05 18:30:00.000000',18,5,7,'사직',NULL,NULL),(12,7,3,'2024-09-05 18:30:00.000000',19,10,9,'창원',NULL,NULL),(3,4,1,'2024-09-05 18:30:00.000000',20,8,1,'광주',NULL,NULL),(3,1,3,'2024-09-06 18:30:00.000000',21,8,3,'잠실',NULL,NULL),(7,2,3,'2024-09-06 18:30:00.000000',22,2,7,'사직',NULL,NULL),(9,3,3,'2024-09-06 18:30:00.000000',23,5,9,'창원',NULL,NULL),(0,14,1,'2024-09-06 18:30:00.000000',24,10,1,'광주',NULL,NULL),(3,9,1,'2024-09-07 14:00:00.000000',25,8,3,'잠실',NULL,NULL),(1,1,2,'2024-09-07 17:00:00.000000',26,6,7,'사직',NULL,NULL),(9,1,3,'2024-09-07 17:00:00.000000',27,9,2,'대구',NULL,NULL),(12,2,3,'2024-09-07 17:00:00.000000',28,4,5,'수원',NULL,NULL),(2,6,1,'2024-09-07 17:00:00.000000',29,10,1,'광주',NULL,NULL),(3,14,1,'2024-09-08 14:00:00.000000',30,8,3,'잠실',NULL,NULL),(11,6,3,'2024-09-08 14:00:00.000000',31,6,7,'사직',NULL,NULL),(2,10,1,'2024-09-08 14:00:00.000000',32,9,2,'대구',NULL,NULL),(2,5,1,'2024-09-08 14:00:00.000000',33,10,1,'광주',NULL,NULL),(2,1,3,'2024-09-10 18:30:00.000000',34,7,3,'잠실',NULL,NULL),(0,5,1,'2024-09-10 18:30:00.000000',35,8,6,'문학',NULL,NULL),(8,11,1,'2024-09-10 18:30:00.000000',36,9,5,'수원',NULL,NULL),(1,7,1,'2024-09-10 18:30:00.000000',37,4,10,'고척',NULL,NULL),(9,5,3,'2024-09-11 18:30:00.000000',38,10,3,'잠실',NULL,NULL),(10,2,3,'2024-09-11 18:30:00.000000',39,7,6,'문학',NULL,NULL),(1,2,1,'2024-09-11 18:30:00.000000',40,9,5,'수원',NULL,NULL),(10,1,3,'2024-09-11 18:30:00.000000',41,2,8,'대전',NULL,NULL),(0,0,4,'2024-09-12 18:30:00.000000',42,10,3,'잠실',NULL,NULL),(4,10,1,'2024-09-12 18:30:00.000000',43,9,5,'수원',NULL,NULL),(0,10,1,'2024-09-12 18:30:00.000000',44,7,1,'광주',NULL,NULL),(7,1,3,'2024-09-12 18:30:00.000000',45,2,8,'대전',NULL,NULL),(0,0,4,'2024-09-13 18:30:00.000000',46,9,4,'잠실',NULL,NULL),(0,0,4,'2024-09-13 18:30:00.000000',47,3,6,'문학',NULL,NULL),(8,4,3,'2024-09-13 18:30:00.000000',48,8,7,'사직',NULL,NULL),(9,11,1,'2024-09-14 14:00:00.000000',49,2,6,'문학',NULL,NULL),(9,12,1,'2024-09-14 14:00:00.000000',50,8,7,'사직',NULL,NULL),(1,2,1,'2024-09-14 17:00:00.000000',51,5,4,'잠실',NULL,NULL),(10,7,3,'2024-09-14 17:00:00.000000',52,3,9,'창원',NULL,NULL),(2,3,1,'2024-09-14 17:00:00.000000',53,10,1,'광주',NULL,NULL),(9,14,1,'2024-09-15 14:00:00.000000',54,2,6,'문학',NULL,NULL),(9,16,1,'2024-09-15 14:00:00.000000',55,8,7,'사직',NULL,NULL),(1,4,1,'2024-09-15 14:00:00.000000',56,3,9,'창원',NULL,NULL),(10,5,3,'2024-09-15 14:00:00.000000',57,10,1,'광주',NULL,NULL),(4,5,1,'2024-09-16 14:00:00.000000',58,10,4,'잠실',NULL,NULL),(11,5,3,'2024-09-16 14:00:00.000000',59,1,5,'수원',NULL,NULL),(4,8,1,'2024-09-17 14:00:00.000000',60,2,4,'잠실',NULL,NULL),(0,2,1,'2024-09-17 14:00:00.000000',61,1,6,'문학',NULL,NULL),(3,7,1,'2024-09-17 14:00:00.000000',62,3,7,'사직',NULL,NULL),(4,1,3,'2024-09-17 14:00:00.000000',63,8,9,'창원',NULL,NULL),(4,2,3,'2024-09-17 14:00:00.000000',64,5,10,'고척',NULL,NULL),(5,3,3,'2024-09-18 17:00:00.000000',65,3,7,'사직',NULL,NULL),(2,5,1,'2024-09-18 17:00:00.000000',66,8,9,'창원',NULL,NULL),(8,6,3,'2024-09-18 17:00:00.000000',67,2,5,'수원',NULL,NULL),(4,9,1,'2024-09-19 18:30:00.000000',68,1,4,'잠실',NULL,NULL),(6,8,1,'2024-09-19 18:30:00.000000',69,10,6,'문학',NULL,NULL),(7,4,3,'2024-09-19 18:30:00.000000',70,3,7,'사직',NULL,NULL),(7,6,3,'2024-09-19 18:30:00.000000',71,8,9,'창원',NULL,NULL),(5,12,1,'2024-09-19 18:30:00.000000',72,2,5,'수원',NULL,NULL),(0,0,4,'2024-09-20 18:30:00.000000',73,4,3,'잠실',NULL,NULL),(0,0,4,'2024-09-20 18:30:00.000000',74,10,6,'문학',NULL,NULL),(0,0,4,'2024-09-20 18:30:00.000000',75,7,9,'창원',NULL,NULL),(14,7,3,'2024-09-21 14:00:00.000000',76,4,3,'잠실',NULL,NULL),(0,0,4,'2024-09-21 17:00:00.000000',77,10,2,'대구',NULL,NULL),(4,1,3,'2024-09-21 17:00:00.000000',78,6,5,'수원',NULL,NULL),(0,0,4,'2024-09-21 17:00:00.000000',79,9,1,'광주',NULL,NULL),(0,0,4,'2024-09-21 17:00:00.000000',80,7,8,'대전',NULL,NULL),(0,2,1,'2024-09-21 17:00:00.000000',81,4,3,'잠실',NULL,NULL),(5,9,1,'2024-09-22 14:00:00.000000',82,4,3,'잠실',NULL,NULL),(8,9,1,'2024-09-22 14:00:00.000000',83,10,2,'대구',NULL,NULL),(6,2,3,'2024-09-22 14:00:00.000000',84,6,5,'수원',NULL,NULL),(0,0,4,'2024-09-22 14:00:00.000000',85,9,1,'광주',NULL,NULL),(4,8,1,'2024-09-22 14:00:00.000000',86,7,8,'대전',NULL,NULL),(4,8,1,'2024-09-23 18:30:00.000000',87,6,4,'잠실',NULL,NULL),(3,5,1,'2024-09-23 18:30:00.000000',88,2,1,'광주',NULL,NULL),(3,2,3,'2024-09-23 18:30:00.000000',89,7,8,'대전',NULL,NULL),(5,10,1,'2024-09-24 18:30:00.000000',90,9,4,'잠실',NULL,NULL),(14,5,3,'2024-09-24 18:30:00.000000',91,3,6,'문학',NULL,NULL),(1,5,1,'2024-09-24 18:30:00.000000',92,7,5,'수원',NULL,NULL),(1,7,1,'2024-09-24 18:30:00.000000',93,2,1,'광주',NULL,NULL),(4,5,1,'2024-09-24 18:30:00.000000',94,8,10,'고척',NULL,NULL),(4,2,3,'2024-09-25 18:30:00.000000',95,8,3,'잠실',NULL,NULL),(3,6,1,'2024-09-25 18:30:00.000000',96,10,2,'대구',NULL,NULL),(8,2,3,'2024-09-25 18:30:00.000000',97,6,9,'창원',NULL,NULL),(5,2,3,'2024-09-25 18:30:00.000000',98,7,1,'광주',NULL,NULL),(3,6,1,'2024-09-26 18:30:00.000000',99,10,3,'잠실',NULL,NULL),(4,3,3,'2024-09-26 18:30:00.000000',100,4,7,'사직',NULL,NULL),(10,1,3,'2024-09-26 18:30:00.000000',101,6,9,'창원',NULL,NULL),(6,13,1,'2024-09-27 18:30:00.000000',102,9,7,'사직',NULL,NULL),(7,8,1,'2024-09-27 18:30:00.000000',103,10,5,'수원',NULL,NULL),(0,8,1,'2024-09-27 18:30:00.000000',104,1,8,'대전',NULL,NULL),(12,8,3,'2024-09-28 17:00:00.000000',105,1,7,'사직',NULL,NULL),(11,4,3,'2024-09-28 17:00:00.000000',106,3,2,'대구',NULL,NULL),(4,3,3,'2024-09-28 17:00:00.000000',107,4,9,'창원',NULL,NULL),(7,10,1,'2024-09-28 17:00:00.000000',108,10,5,'수원',NULL,NULL),(6,2,3,'2024-09-28 17:00:00.000000',109,6,8,'대전',NULL,NULL),(7,2,3,'2024-09-29 17:00:00.000000',110,9,8,'대전',NULL,NULL),(2,7,1,'2024-09-30 18:30:00.000000',111,10,6,'문학',NULL,NULL),(5,10,1,'2024-09-30 18:30:00.000000',112,9,1,'광주',NULL,NULL),(7,0,3,'2024-08-01 18:30:00.000000',113,2,3,'잠실',NULL,NULL),(4,2,3,'2024-08-01 18:30:00.000000',114,7,6,'문학',NULL,NULL),(14,8,3,'2024-08-01 18:30:00.000000',115,8,5,'수원',NULL,NULL),(1,0,3,'2024-08-01 18:30:00.000000',116,4,1,'광주',NULL,NULL),(9,14,1,'2024-08-01 18:30:00.000000',117,9,10,'고척',NULL,NULL),(6,4,3,'2024-08-02 18:30:00.000000',118,10,4,'잠실',NULL,NULL),(3,4,1,'2024-08-02 18:30:00.000000',119,6,2,'대구',NULL,NULL),(9,7,3,'2024-08-02 18:30:00.000000',120,5,9,'창원',NULL,NULL),(3,10,1,'2024-08-02 18:30:00.000000',121,1,8,'대전',NULL,NULL),(0,0,4,'2024-08-02 18:30:00.000000',122,3,7,'울산',NULL,NULL),(15,5,3,'2024-08-03 18:00:00.000000',123,10,4,'잠실',NULL,NULL),(4,12,1,'2024-08-03 18:00:00.000000',124,6,2,'대구',NULL,NULL),(0,0,4,'2024-08-03 18:00:00.000000',125,5,9,'창원',NULL,NULL),(7,3,3,'2024-08-03 18:00:00.000000',126,1,8,'대전',NULL,NULL),(3,8,1,'2024-08-03 18:00:00.000000',127,3,7,'울산',NULL,NULL),(0,0,4,'2024-08-04 17:00:00.000000',128,10,4,'잠실',NULL,NULL),(3,8,1,'2024-08-04 17:00:00.000000',129,6,2,'대구',NULL,NULL),(5,15,1,'2024-08-04 17:00:00.000000',130,5,9,'창원',NULL,NULL),(0,0,4,'2024-08-04 17:00:00.000000',131,1,8,'대전',NULL,NULL),(0,0,4,'2024-08-04 17:00:00.000000',132,3,7,'울산',NULL,NULL),(6,7,1,'2024-08-06 18:30:00.000000',133,3,4,'잠실',NULL,NULL),(5,6,1,'2024-08-06 18:30:00.000000',134,9,7,'사직',NULL,NULL),(8,5,3,'2024-08-06 18:30:00.000000',135,8,2,'대구',NULL,NULL),(0,2,1,'2024-08-06 18:30:00.000000',136,5,1,'광주',NULL,NULL),(6,2,3,'2024-08-06 18:30:00.000000',137,6,10,'고척',NULL,NULL),(4,8,1,'2024-08-07 18:30:00.000000',138,3,4,'잠실',NULL,NULL),(7,14,1,'2024-08-07 18:30:00.000000',139,9,7,'사직',NULL,NULL),(6,10,1,'2024-08-07 18:30:00.000000',140,8,2,'대구',NULL,NULL),(13,2,3,'2024-08-07 18:30:00.000000',141,5,1,'광주',NULL,NULL),(6,2,3,'2024-08-07 18:30:00.000000',142,6,10,'고척',NULL,NULL),(10,3,3,'2024-08-08 18:30:00.000000',143,3,4,'잠실',NULL,NULL),(0,0,4,'2024-08-08 18:30:00.000000',144,9,7,'사직',NULL,NULL),(6,4,3,'2024-08-08 18:30:00.000000',145,8,2,'대구',NULL,NULL),(1,0,3,'2024-08-08 18:30:00.000000',146,5,1,'광주',NULL,NULL),(0,3,1,'2024-08-08 18:30:00.000000',147,6,10,'고척',NULL,NULL),(9,10,1,'2024-08-09 18:30:00.000000',148,9,3,'잠실',NULL,NULL),(13,11,3,'2024-08-09 18:30:00.000000',149,4,6,'문학',NULL,NULL),(6,10,1,'2024-08-09 18:30:00.000000',150,7,5,'수원',NULL,NULL),(8,9,1,'2024-08-09 18:30:00.000000',151,2,1,'광주',NULL,NULL),(5,7,1,'2024-08-09 18:30:00.000000',152,10,8,'대전',NULL,NULL),(3,9,1,'2024-08-10 18:00:00.000000',153,9,3,'잠실',NULL,NULL),(10,6,3,'2024-08-10 18:00:00.000000',154,4,6,'문학',NULL,NULL),(2,0,3,'2024-08-10 18:00:00.000000',155,7,5,'수원',NULL,NULL),(0,0,4,'2024-08-10 18:00:00.000000',156,2,1,'광주',NULL,NULL),(3,1,3,'2024-08-10 18:00:00.000000',157,10,8,'대전',NULL,NULL),(3,4,1,'2024-08-11 18:00:00.000000',158,9,3,'잠실',NULL,NULL),(9,11,1,'2024-08-11 18:00:00.000000',159,4,6,'문학',NULL,NULL),(9,7,3,'2024-08-11 18:00:00.000000',160,7,5,'수원',NULL,NULL),(5,4,3,'2024-08-11 18:00:00.000000',161,2,1,'광주',NULL,NULL),(7,3,3,'2024-08-11 18:00:00.000000',162,10,8,'대전',NULL,NULL),(0,0,4,'2024-08-13 18:30:00.000000',163,7,4,'잠실',NULL,NULL),(2,7,1,'2024-08-13 18:30:00.000000',164,5,2,'대구',NULL,NULL),(2,0,3,'2024-08-13 18:30:00.000000',165,6,9,'창원',NULL,NULL),(2,0,3,'2024-08-13 18:30:00.000000',166,1,10,'고척',NULL,NULL),(3,2,3,'2024-08-13 18:30:00.000000',167,3,8,'대전',NULL,NULL),(12,2,3,'2024-08-14 18:30:00.000000',168,7,4,'잠실',NULL,NULL),(1,3,1,'2024-08-14 18:30:00.000000',169,5,2,'대구',NULL,NULL),(0,0,4,'2024-08-14 18:30:00.000000',170,6,9,'창원',NULL,NULL),(1,2,1,'2024-08-14 18:30:00.000000',171,1,10,'고척',NULL,NULL),(5,9,1,'2024-08-14 18:30:00.000000',172,3,8,'대전',NULL,NULL),(12,1,3,'2024-08-15 17:00:00.000000',173,1,10,'고척',NULL,NULL),(3,4,1,'2024-08-15 18:00:00.000000',174,7,4,'잠실',NULL,NULL),(5,3,3,'2024-08-15 18:00:00.000000',175,5,2,'대구',NULL,NULL),(10,5,3,'2024-08-15 18:00:00.000000',176,6,9,'창원',NULL,NULL),(17,3,3,'2024-08-15 18:00:00.000000',177,3,8,'대전',NULL,NULL),(3,2,3,'2024-08-16 18:30:00.000000',178,1,3,'잠실',NULL,NULL),(2,1,3,'2024-08-16 18:30:00.000000',179,8,6,'문학',NULL,NULL),(0,4,1,'2024-08-16 18:30:00.000000',180,10,7,'사직',NULL,NULL),(7,3,3,'2024-08-16 18:30:00.000000',181,2,9,'창원',NULL,NULL),(5,0,3,'2024-08-16 18:30:00.000000',182,4,5,'수원',NULL,NULL),(14,4,3,'2024-08-17 18:00:00.000000',183,1,3,'잠실',NULL,NULL),(8,5,3,'2024-08-17 18:00:00.000000',184,8,6,'문학',NULL,NULL),(8,7,3,'2024-08-17 18:00:00.000000',185,10,7,'사직',NULL,NULL),(5,4,3,'2024-08-17 18:00:00.000000',186,2,9,'창원',NULL,NULL),(3,2,3,'2024-08-17 18:00:00.000000',187,4,5,'수원',NULL,NULL),(4,0,3,'2024-08-18 18:00:00.000000',188,1,3,'잠실',NULL,NULL),(7,1,3,'2024-08-18 18:00:00.000000',189,8,6,'문학',NULL,NULL),(4,5,1,'2024-08-18 18:00:00.000000',190,10,7,'사직',NULL,NULL),(5,3,3,'2024-08-18 18:00:00.000000',191,2,9,'창원',NULL,NULL),(4,5,1,'2024-08-18 18:00:00.000000',192,4,5,'수원',NULL,NULL),(3,4,1,'2024-08-20 18:30:00.000000',193,6,3,'잠실',NULL,NULL),(3,2,3,'2024-08-20 18:30:00.000000',194,10,5,'수원',NULL,NULL),(0,0,4,'2024-08-20 18:30:00.000000',195,7,1,'광주',NULL,NULL),(0,3,1,'2024-08-20 18:30:00.000000',196,4,2,'포항',NULL,NULL),(2,3,1,'2024-08-20 18:30:00.000000',197,9,8,'청주',NULL,NULL),(5,1,3,'2024-08-21 18:30:00.000000',198,6,3,'잠실',NULL,NULL),(0,5,1,'2024-08-21 18:30:00.000000',199,10,5,'수원',NULL,NULL),(5,6,1,'2024-08-21 18:30:00.000000',200,7,1,'광주',NULL,NULL),(5,2,3,'2024-08-21 18:30:00.000000',201,4,2,'포항',NULL,NULL),(8,2,3,'2024-08-21 18:30:00.000000',202,9,8,'청주',NULL,NULL),(3,13,1,'2024-08-22 18:30:00.000000',203,6,3,'잠실',NULL,NULL),(2,3,1,'2024-08-22 18:30:00.000000',204,10,5,'수원',NULL,NULL),(4,6,1,'2024-08-22 18:30:00.000000',205,7,1,'광주',NULL,NULL),(0,0,4,'2024-08-22 18:30:00.000000',206,4,2,'포항',NULL,NULL),(0,0,4,'2024-08-22 18:30:00.000000',207,9,8,'청주',NULL,NULL),(7,4,3,'2024-08-23 18:30:00.000000',208,8,4,'잠실',NULL,NULL),(11,6,3,'2024-08-23 18:30:00.000000',209,5,6,'문학',NULL,NULL),(3,5,1,'2024-08-23 18:30:00.000000',210,7,2,'대구',NULL,NULL),(4,17,1,'2024-08-23 18:30:00.000000',211,1,9,'창원',NULL,NULL),(3,9,1,'2024-08-23 18:30:00.000000',212,3,10,'고척',NULL,NULL),(7,6,3,'2024-08-24 18:00:00.000000',213,8,4,'잠실',NULL,NULL),(9,3,3,'2024-08-24 18:00:00.000000',214,5,6,'문학',NULL,NULL),(11,3,3,'2024-08-24 18:00:00.000000',215,7,2,'대구',NULL,NULL),(2,0,3,'2024-08-24 18:00:00.000000',216,1,9,'창원',NULL,NULL),(7,0,3,'2024-08-24 18:00:00.000000',217,3,10,'고척',NULL,NULL),(4,6,1,'2024-08-25 14:00:00.000000',218,3,10,'고척',NULL,NULL),(3,1,3,'2024-08-25 18:00:00.000000',219,8,4,'잠실',NULL,NULL),(3,4,1,'2024-08-25 18:00:00.000000',220,5,6,'문학',NULL,NULL),(5,10,1,'2024-08-25 18:00:00.000000',221,7,2,'대구',NULL,NULL),(2,8,1,'2024-08-25 18:00:00.000000',222,1,9,'창원',NULL,NULL),(1,6,1,'2024-08-27 18:30:00.000000',223,5,3,'잠실',NULL,NULL),(1,3,1,'2024-08-27 18:30:00.000000',224,8,7,'사직',NULL,NULL),(13,7,3,'2024-08-27 18:30:00.000000',225,4,9,'창원',NULL,NULL),(4,10,1,'2024-08-27 18:30:00.000000',226,6,1,'광주',NULL,NULL),(1,0,3,'2024-08-27 18:30:00.000000',227,2,10,'고척',NULL,NULL),(8,4,3,'2024-08-28 18:30:00.000000',228,5,3,'잠실',NULL,NULL),(7,0,3,'2024-08-28 18:30:00.000000',229,8,7,'사직',NULL,NULL),(8,1,3,'2024-08-28 18:30:00.000000',230,4,9,'창원',NULL,NULL),(6,7,1,'2024-08-28 18:30:00.000000',231,6,1,'광주',NULL,NULL),(9,5,3,'2024-08-28 18:30:00.000000',232,2,10,'고척',NULL,NULL),(8,7,3,'2024-08-29 18:30:00.000000',233,5,3,'잠실',NULL,NULL),(11,14,1,'2024-08-29 18:30:00.000000',234,8,7,'사직',NULL,NULL),(2,10,1,'2024-08-29 18:30:00.000000',235,4,9,'창원',NULL,NULL),(10,4,3,'2024-08-29 18:30:00.000000',236,6,1,'광주',NULL,NULL),(1,0,3,'2024-08-29 18:30:00.000000',237,2,10,'고척',NULL,NULL),(11,7,3,'2024-08-30 18:30:00.000000',238,3,5,'수원',NULL,NULL),(8,2,3,'2024-08-30 18:30:00.000000',239,7,10,'고척',NULL,NULL),(7,4,3,'2024-08-31 18:00:00.000000',240,7,4,'잠실',NULL,NULL),(7,2,3,'2024-08-31 18:00:00.000000',241,9,6,'문학',NULL,NULL),(15,13,3,'2024-08-31 18:00:00.000000',242,1,2,'대구',NULL,NULL),(6,2,3,'2024-08-31 18:00:00.000000',243,5,8,'대전',NULL,NULL);
/*!40000 ALTER TABLE `match_info` ENABLE KEYS */;
UNLOCK TABLES;

--
-- Table structure for table `match_prediction`
--

DROP TABLE IF EXISTS `match_prediction`;
/*!40101 SET @saved_cs_client     = @@character_set_client */;
/*!50503 SET character_set_client = utf8mb4 */;
CREATE TABLE `match_prediction` (
  `match_prediction_id` bigint NOT NULL AUTO_INCREMENT,
  `amount` bigint DEFAULT NULL,
  `is_successed` bit(1) DEFAULT NULL,
  `member_predict` tinyint DEFAULT NULL,
  `match_info_id` bigint DEFAULT NULL,
  `member_id` bigint DEFAULT NULL,
  `created_at` date DEFAULT NULL,
  PRIMARY KEY (`match_prediction_id`),
  KEY `FKf7v7eythjp36x3xsygh1034iu` (`match_info_id`),
  KEY `FKt9i2j9hbra702rfdt88i1fy2n` (`member_id`),
  CONSTRAINT `FKf7v7eythjp36x3xsygh1034iu` FOREIGN KEY (`match_info_id`) REFERENCES `match_info` (`match_info_id`),
  CONSTRAINT `FKt9i2j9hbra702rfdt88i1fy2n` FOREIGN KEY (`member_id`) REFERENCES `member` (`member_id`),
  CONSTRAINT `member_predict` CHECK ((`member_predict` between 0 and 5))
) ENGINE=InnoDB AUTO_INCREMENT=13 DEFAULT CHARSET=utf8mb4 COLLATE=utf8mb4_0900_ai_ci;
/*!40101 SET character_set_client = @saved_cs_client */;

--
-- Dumping data for table `match_prediction`
--

LOCK TABLES `match_prediction` WRITE;
/*!40000 ALTER TABLE `match_prediction` DISABLE KEYS */;
INSERT INTO `match_prediction` VALUES (11,10,_binary '\0',1,1,22,'2024-11-19'),(12,100,NULL,2,2,23,'2024-11-19');
/*!40000 ALTER TABLE `match_prediction` ENABLE KEYS */;
UNLOCK TABLES;

--
-- Table structure for table `member`
--

DROP TABLE IF EXISTS `member`;
/*!40101 SET @saved_cs_client     = @@character_set_client */;
/*!50503 SET character_set_client = utf8mb4 */;
CREATE TABLE `member` (
  `member_id` bigint NOT NULL AUTO_INCREMENT,
  `consecutive_days` int NOT NULL,
  `email` varchar(255) DEFAULT NULL,
  `game_money` bigint DEFAULT NULL,
  `is_briefing_allowed` bit(1) DEFAULT NULL,
  `is_broadcast_allowed` bit(1) DEFAULT NULL,
  `name` varchar(255) DEFAULT NULL,
  `role` enum('USER') DEFAULT NULL,
  `token` varchar(255) DEFAULT NULL,
  `total_days` int NOT NULL,
  `favorite_team_id` bigint DEFAULT NULL,
  `pw` varchar(255) DEFAULT NULL,
  `selected_character_serial_number` bigint DEFAULT NULL,
  `worn_arm_item_serial_number` bigint DEFAULT NULL,
  `worn_background_serial_number` bigint DEFAULT NULL,
  `worn_body_item_serial_number` bigint DEFAULT NULL,
  `worn_head_item_serial_number` bigint DEFAULT NULL,
  PRIMARY KEY (`member_id`),
  UNIQUE KEY `UKmbmcqelty0fbrvxp1q58dn57t` (`email`),
  KEY `FK8uj26btdo8cf76s7pimm0fu27` (`favorite_team_id`),
  CONSTRAINT `FK8uj26btdo8cf76s7pimm0fu27` FOREIGN KEY (`favorite_team_id`) REFERENCES `team` (`team_id`)
) ENGINE=InnoDB AUTO_INCREMENT=12032 DEFAULT CHARSET=utf8mb4 COLLATE=utf8mb4_0900_ai_ci;
/*!40101 SET character_set_client = @saved_cs_client */;

--
-- Dumping data for table `member`
--

LOCK TABLES `member` WRITE;
/*!40000 ALTER TABLE `member` DISABLE KEYS */;
INSERT INTO `member` VALUES (1,0,'dpsjh@naver.com',10000,_binary '',_binary '','','USER',NULL,0,2,'$2a$10$AOIQSmJDYZPyAXjNOtcf5udBtJXtXQObZPrYU9F6hTKXxNmZNI00K',0,-1,-1,-1,-1),(8,0,'tarkhojun1997@gmail.com',0,_binary '',_binary '','','USER',NULL,0,NULL,'$2a$10$AOIQSmJDYZPyAXjNOtcf5udBtJXtXQObZPrYU9F6hTKXxNmZNI00K',0,-1,-1,-1,-1),(13,0,'example15@example.com',0,_binary '',_binary '','John Doe','USER','',0,4,'$2a$10$AOIQSmJDYZPyAXjNOtcf5udBtJXtXQObZPrYU9F6hTKXxNmZNI00K',0,-1,-1,-1,-1),(14,0,'poppop1818@naver.com',0,_binary '',_binary '','호호','USER','',0,9,'$2a$10$qvQU46f.DW3b9u1s0vndtO4MkeeugMvNUVc3xUqdnZvowOaNgU.I6',0,-1,-1,-1,-1),(15,2,'taghojun@gmail.com',5658,_binary '',_binary '','호호','USER','',2,1,'$2a$10$c4vEFtp3Nqlbv7QV1eBFk.GfRegI6AuCSketiQQh0FmcUaZB64oTC',0,-1,-1,-1,-1),(19,0,'krozv.code@gmail.com',0,_binary '',_binary '','쥬쥬','USER','',0,1,'$2a$10$q0MHrx0rgpA6ZSwgPyGrzuQPMwKZeI7d2EpBFgGzZU9Cze.p35p0W',0,-1,-1,-1,-1),(21,0,'bluebackfish706@gmail.com',0,_binary '',_binary '','탁호준입니다','USER','',0,2,'$2a$10$4/U312WSD6OF/SfYprMByezfRkCU/Ml3zQBevaXLXbUleZBNH1h5y',0,-1,-1,-1,-1),(22,1,'7115gpdnjs@naver.com',9990,_binary '',_binary '','장혜원','USER','',1,2,'$2a$10$bTZ4yJ6ZRRz828AWnO5lieVKKtX0iR/R3qKe7gn0/SKDr/0OGP2P2',0,-1,-1,-1,-1),(23,1,'baebini@naver.com',18000,_binary '',_binary '','baebini','USER','',1,2,'$2a$10$x/dKs27XgCELKPz2PC.oAuAZqYaJgwXdwgHNAFFCujtKfyjKhxmxe',0,700,-1,401,106),(12028,0,'dpsjh1@gmail.com',500,_binary '',_binary '','송주한','USER','',0,7,'$2a$10$1YF70gmj2AKLwIvhQl1pw.8qt/vd.DhvtOOl6zfYiDxz3lzqpxsGS',0,-1,-1,-1,-1),(12029,3,'sjk2700@naver.com',11333,_binary '',_binary '','서진경','USER','',3,2,'$2a$10$udIqXnXADD403fNnx2RTvumhfWtgPVLq7jHJE67DMmC0f/BZK6.0K',0,701,-1,-1,113),(12030,0,'09hyen28@naver.com',500,_binary '',_binary '','최현준','USER','',0,2,'$2a$10$nMNoqUhFPYrKW20TZjYf8ebBAgRsHUIMqolTlZwhQSrjq1dls4bEu',0,-1,-1,-1,-1),(12031,0,'dpsjh@daum.net',100,_binary '',_binary '','송주한','USER','',0,1,'$2a$10$VlXnBdeBe1YBoz0TflgfHe/063Vbj7cir1Wn75YGKkKPdhIMfu1zO',0,700,-1,-1,-1);
/*!40000 ALTER TABLE `member` ENABLE KEYS */;
UNLOCK TABLES;

--
-- Table structure for table `member_background`
--

DROP TABLE IF EXISTS `member_background`;
/*!40101 SET @saved_cs_client     = @@character_set_client */;
/*!50503 SET character_set_client = utf8mb4 */;
CREATE TABLE `member_background` (
  `member_background_id` bigint NOT NULL AUTO_INCREMENT,
  `background_id` bigint NOT NULL,
  `member_id` bigint NOT NULL,
  PRIMARY KEY (`member_background_id`),
  KEY `FK1hu9dguyk9cyhlp04jftl4xog` (`background_id`),
  KEY `FKqh9eetup403gxih0b5ie25e93` (`member_id`),
  CONSTRAINT `FK1hu9dguyk9cyhlp04jftl4xog` FOREIGN KEY (`background_id`) REFERENCES `background` (`background_id`),
  CONSTRAINT `FKqh9eetup403gxih0b5ie25e93` FOREIGN KEY (`member_id`) REFERENCES `member` (`member_id`)
) ENGINE=InnoDB DEFAULT CHARSET=utf8mb4 COLLATE=utf8mb4_0900_ai_ci;
/*!40101 SET character_set_client = @saved_cs_client */;

--
-- Dumping data for table `member_background`
--

LOCK TABLES `member_background` WRITE;
/*!40000 ALTER TABLE `member_background` DISABLE KEYS */;
/*!40000 ALTER TABLE `member_background` ENABLE KEYS */;
UNLOCK TABLES;

--
-- Table structure for table `member_character`
--

DROP TABLE IF EXISTS `member_character`;
/*!40101 SET @saved_cs_client     = @@character_set_client */;
/*!50503 SET character_set_client = utf8mb4 */;
CREATE TABLE `member_character` (
  `member_character_id` bigint NOT NULL AUTO_INCREMENT,
  `character_info_id` bigint NOT NULL,
  `member_id` bigint NOT NULL,
  PRIMARY KEY (`member_character_id`),
  KEY `FK7mloeqk7suedjk42xc58l2j9f` (`character_info_id`),
  KEY `FK9j5r36aq5rvl7ndha9e74eqp8` (`member_id`),
  CONSTRAINT `FK7mloeqk7suedjk42xc58l2j9f` FOREIGN KEY (`character_info_id`) REFERENCES `character_info` (`character_info_id`),
  CONSTRAINT `FK9j5r36aq5rvl7ndha9e74eqp8` FOREIGN KEY (`member_id`) REFERENCES `member` (`member_id`)
) ENGINE=InnoDB AUTO_INCREMENT=9025 DEFAULT CHARSET=utf8mb4 COLLATE=utf8mb4_0900_ai_ci;
/*!40101 SET character_set_client = @saved_cs_client */;

--
-- Dumping data for table `member_character`
--

LOCK TABLES `member_character` WRITE;
/*!40000 ALTER TABLE `member_character` DISABLE KEYS */;
INSERT INTO `member_character` VALUES (1,1,13),(2,1,1),(3,1,14),(4,1,15),(5,1,19),(6,1,21),(7,1,22),(8,1,23),(9012,1,12028),(9013,2,23),(9014,6,23),(9015,1,12029),(9016,1,12030),(9017,1,12031),(9018,3,23),(9019,7,15),(9020,3,15),(9021,9,12031),(9022,2,12031),(9023,4,12031),(9024,7,12029);
/*!40000 ALTER TABLE `member_character` ENABLE KEYS */;
UNLOCK TABLES;

--
-- Table structure for table `member_item`
--

DROP TABLE IF EXISTS `member_item`;
/*!40101 SET @saved_cs_client     = @@character_set_client */;
/*!50503 SET character_set_client = utf8mb4 */;
CREATE TABLE `member_item` (
  `member_item_id` bigint NOT NULL AUTO_INCREMENT,
  `item_id` bigint NOT NULL,
  `member_id` bigint NOT NULL,
  `member_character_id` bigint NOT NULL,
  PRIMARY KEY (`member_item_id`),
  KEY `FK9enqbn035alkkr61q5t5soq19` (`item_id`),
  KEY `FK6ohv34vf9kikd89qigs1k3bko` (`member_id`),
  KEY `FK6446snqh9bk0otxwv4uikl42d` (`member_character_id`),
  CONSTRAINT `FK6446snqh9bk0otxwv4uikl42d` FOREIGN KEY (`member_character_id`) REFERENCES `member_character` (`member_character_id`),
  CONSTRAINT `FK6ohv34vf9kikd89qigs1k3bko` FOREIGN KEY (`member_id`) REFERENCES `member` (`member_id`),
  CONSTRAINT `FK9enqbn035alkkr61q5t5soq19` FOREIGN KEY (`item_id`) REFERENCES `item` (`item_id`)
) ENGINE=InnoDB AUTO_INCREMENT=26 DEFAULT CHARSET=utf8mb4 COLLATE=utf8mb4_0900_ai_ci;
/*!40101 SET character_set_client = @saved_cs_client */;

--
-- Dumping data for table `member_item`
--

LOCK TABLES `member_item` WRITE;
/*!40000 ALTER TABLE `member_item` DISABLE KEYS */;
INSERT INTO `member_item` VALUES (1,589,23,8),(2,590,23,8),(3,587,23,8),(4,579,23,8),(5,578,23,8),(6,572,23,8),(7,573,23,8),(8,586,23,8),(9,574,23,8),(10,575,23,8),(11,576,23,8),(12,577,23,8),(13,580,23,8),(14,581,23,8),(15,591,23,8),(16,582,23,8),(17,583,23,8),(18,584,23,8),(19,586,12029,9015),(20,584,12029,9015),(21,589,12031,9017),(22,590,12029,9015),(23,585,12029,9015),(24,588,23,8),(25,585,23,8);
/*!40000 ALTER TABLE `member_item` ENABLE KEYS */;
UNLOCK TABLES;

--
-- Table structure for table `news`
--

DROP TABLE IF EXISTS `news`;
/*!40101 SET @saved_cs_client     = @@character_set_client */;
/*!50503 SET character_set_client = utf8mb4 */;
CREATE TABLE `news` (
  `created_at` date DEFAULT NULL,
  `news_id` bigint NOT NULL AUTO_INCREMENT,
  `team_id` bigint DEFAULT NULL,
  `content` varchar(255) DEFAULT NULL,
  `image_url` text,
  `title` varchar(255) DEFAULT NULL,
  PRIMARY KEY (`news_id`),
  KEY `FK94satwbuoni0ek7wnw34xgbsl` (`team_id`),
  CONSTRAINT `FK94satwbuoni0ek7wnw34xgbsl` FOREIGN KEY (`team_id`) REFERENCES `team` (`team_id`)
) ENGINE=InnoDB AUTO_INCREMENT=557 DEFAULT CHARSET=utf8mb4 COLLATE=utf8mb4_0900_ai_ci;
/*!40101 SET character_set_client = @saved_cs_client */;

--
-- Dumping data for table `news`
--

LOCK TABLES `news` WRITE;
/*!40000 ALTER TABLE `news` DISABLE KEYS */;
INSERT INTO `news` VALUES ('2024-11-05',1,1,'KIA 타이거즈가 7년 만에 프로야구 통합 우승을 차지하며 12번째 한국시리즈 우승을 기록했다.','https://best-friend-bucket.s3.ap-southeast-2.amazonaws.com/5613e9bb-0','KIA 타이거즈의 7년 만의 통합 우승'),('2024-11-05',2,1,'초보 감독에서 우승 감독이 된 이범호 감독의 리더십과 타이거즈 왕조를 잇기 위한 새로운 항해가 주목받고 있다.','https://best-friend-bucket.s3.ap-southeast-2.amazonaws.com/1f839642-1','이범호 감독의 리더십'),('2024-11-05',3,1,'한국시리즈 우승 이후 KIA 타이거즈는 일본 오키나와에서 마무리 훈련을 시작하며 내년 시즌 준비에 들어갔다.','https://best-friend-bucket.s3.ap-southeast-2.amazonaws.com/1ae0460a-9','KIA의 한국시리즈 이후 준비'),('2024-11-05',4,1,'KIA 타이거즈는 수년 간 사회공헌 활동을 통해 그라운드 밖에서도 돋보이는 노력을 기울였다.','https://best-friend-bucket.s3.ap-southeast-2.amazonaws.com/fe95c5cd-f','KIA 타이거즈의 사회공헌 활동'),('2024-11-05',5,1,'KIA 타이거즈의 통합우승과 더불어 광주 지역에는 최근 좋은 소식들이 이어지고 있다.','https://best-friend-bucket.s3.ap-southeast-2.amazonaws.com/2abcb252-7','KIA 타이거즈와 광주의 기쁜 소식'),('2024-11-05',6,2,'삼성 라이온즈가 유망주 육성을 위해 호주야구리그(ABL)에 선수들을 파견하여 경험을 쌓게 한다.','https://best-friend-bucket.s3.ap-southeast-2.amazonaws.com/9669563e-9','삼성 유망주 호주 파견'),('2024-11-05',7,2,'삼성 라이온즈가 2024 포스트 시즌을 준우승으로 마무리하며 기대 이상의 성과를 거둔다.','https://best-friend-bucket.s3.ap-southeast-2.amazonaws.com/1ea47c8b-a','시즌 준우승 마무리'),('2024-11-05',8,2,'삼성에서 방출된 김동엽 선수가 타 팀으로 이적하며 새로운 시작을 알린다.','https://best-friend-bucket.s3.ap-southeast-2.amazonaws.com/2b13b04d-9','김동엽 선수 이적'),('2024-11-05',9,2,'삼성 라이온즈가 거액의 계약금을 주며 영입한 투수 유망주들이 호주리그에 파견되어 기량 발전을 도모한다.','https://best-friend-bucket.s3.ap-southeast-2.amazonaws.com/e088250b-6','투수진 기량 발전'),('2024-11-05',10,2,'삼성 라이온즈가 지난해부터 호주야구리그에 유망주를 파견하는 글로벌 육성 프로그램을 실행 중이다.','https://best-friend-bucket.s3.ap-southeast-2.amazonaws.com/c193cd2b-3','구단의 육성 프로그램'),('2024-11-05',11,3,'삼성이 방출한 김동엽 선수가 키움으로 이적했다.','https://best-friend-bucket.s3.ap-southeast-2.amazonaws.com/3b2c893f-e','삼성 방출\' 92홈런 대형타자, 키움 유니폼 입었다!'),('2024-11-05',12,3,'LG트윈스 프랜차이즈 스타 박용택이 스타연사로 출연했다.','https://best-friend-bucket.s3.ap-southeast-2.amazonaws.com/5d47b61d-2','제주창조경제혁신센터, 제주형 창업가 네트워킹 컨퍼런스 \'JOIN 2024\' 성료...'),('2024-11-05',13,3,'KIA타이거즈 곽도규 선수가 LG 트윈스 선수시절 기억을 회상했다.','https://best-friend-bucket.s3.ap-southeast-2.amazonaws.com/047803fe-0','\'누나 내가 해냈어\' 생판 모르는 사람에게 취업응원+유니폼 선물 약속...'),('2024-11-05',14,3,'박용택이 LG 트윈스 주장 시절 경험을 공유했다.','https://best-friend-bucket.s3.ap-southeast-2.amazonaws.com/444f360e-5','제주 창업 생태계의 중심에서 열린 ‘JOIN 2024’ 성황리 마무리'),('2024-11-05',15,3,'KIA 타이거즈의 이범호 감독이 LG 트윈스 출신 김주찬의 조언을 받았다.','https://best-friend-bucket.s3.ap-southeast-2.amazonaws.com/58719557-e','대형 갖추는 \'이범호호\'..타이거즈 왕조 전설 잇는다'),('2024-11-05',16,4,'프로야구 두산 베어스가 이정훈 퓨처스팀 감독과 재계약하지 않기로 결정했다.','https://best-friend-bucket.s3.ap-southeast-2.amazonaws.com/e02c4a42-d','두산, 이정훈 퓨처스팀 감독과 결별'),('2024-11-05',17,4,'롯데 자이언츠의 김원중이 두산 베어스와 거액에 계약한 김재윤과 같은 금액을 받기에는 무리가 있다고 평가된다.','https://best-friend-bucket.s3.ap-southeast-2.amazonaws.com/061a2b01-2','\'대박 계약 예감\' 김원중의 적정가가 김재윤의 4년 58억?'),('2024-11-05',18,4,'삼성 라이온즈가 작년에 이어 유망주들을 호주야구리그에 파견하며 두산 베어스와 과거의 기록을 바탕으로 글로벌 육성 프로그램을 진행한다.','https://best-friend-bucket.s3.ap-southeast-2.amazonaws.com/22f6a0a0-8','이승현-이병헌처럼...삼성, 올해도 유망주 4명 호주프로야구 파견'),('2024-11-05',19,4,'두산 베어스 전 타격 코치 김한수가 야구 꿈나무들을 위해 재능 기부 활동을 하고 있다.','https://best-friend-bucket.s3.ap-southeast-2.amazonaws.com/e1b69f31-4','3루수 레전드 출신 김한수 전 코치, 야구 꿈나무 대상 재능 기부 앞장'),('2024-11-05',20,4,'최정이 두산 베어스 이승엽 감독이 보유한 KBO리그 개인 통산 최다 홈런 기록을 넘어섰다.','https://best-friend-bucket.s3.ap-southeast-2.amazonaws.com/ceefffa5-d','‘통산홈런 1위’ 최정, FA 권리 행사…6일 SSG와 계약 유력'),('2024-11-05',21,5,'KT 위즈 심우준이 FA를 미루고 입대를 선택했다는 소식과 함께 주전 유격수로의 활약을 기대하는 내용','https://best-friend-bucket.s3.ap-southeast-2.amazonaws.com/3f847ec8-9','FA도 미루고 입대 선택했던 ‘통합 우승 주역’...주전 유격수 노리는'),('2024-11-05',22,5,'LG 트윈스, KT 위즈 등이 KIA를 크게 위협할 수 있다는 내용','https://best-friend-bucket.s3.ap-southeast-2.amazonaws.com/6fd0dc4d-b','“여러분은 내년 시즌 시작입니다” KIA 우승단장의 짧고 굵은 메시지...'),('2024-11-05',23,5,'SSG가 KT 위즈에 패해 최종 순위 6위로 가을야구 좌절','https://best-friend-bucket.s3.ap-southeast-2.amazonaws.com/3962c104-a','‘2년 만에 두자릿수 승리’ 김광현에게는 아쉽다…데뷔 이후 가장 높은...'),('2024-11-05',24,6,'SSG 랜더스의 최정 선수와 FA 계약이 임박했다는 소식이 반복적으로 언급되었습니다. 구단과 긍정적인 대화가 오갔으며, 공식 발표가 예정되어 있습니다.','https://best-friend-bucket.s3.ap-southeast-2.amazonaws.com/fdc80b3f-8','최정, SSG와 FA 계약 임박'),('2024-11-05',25,6,'최정이 SSG와 우선 협상을 진행 중이며, FA 시장이 열리는 6일에 계약을 발표하기 위해 준비 중입니다.','https://best-friend-bucket.s3.ap-southeast-2.amazonaws.com/f5d2078b-c','SSG, 최정과 우선 협상'),('2024-11-05',26,6,'SSG 랜더스와 최정의 종신 계약 가능성이 높다는 논의가 이루어지고 있습니다. FA 계약 방식으로 진행하려는 의사가 있으며, 대비가 진행 중입니다.','https://best-friend-bucket.s3.ap-southeast-2.amazonaws.com/f4da2f72-0','최정, SSG와 종신 계약 가능성'),('2024-11-05',27,6,'SSG는 최정과의 FA 계약을 추진하고 있으며, 이를 통해 최정이 구단에 계속 머무를 계획입니다.','https://best-friend-bucket.s3.ap-southeast-2.amazonaws.com/e576bba7-b','SSG, \'머무를 결심\' 최정과 FA 계약 추진'),('2024-11-05',28,6,'SSG 랜더스는 최정과 FA 계약에 대한 긍정적인 대화를 진행하였으며, 계약 조건에 대한 논의가 지속되고 있습니다.','https://best-friend-bucket.s3.ap-southeast-2.amazonaws.com/e576bba7-b','SSG, 최정과 FA 계약 위한 대화'),('2024-11-05',29,7,'부산 사직구장에 전시된 롯데 자이언츠의 1984년과 1992년 우승 트로피 수는 올해에도 변함이 없다.','https://best-friend-bucket.s3.ap-southeast-2.amazonaws.com/db629dcf-2','롯데 자이언츠를 위한 백가쟁명'),('2024-11-05',30,7,'롯데 자이언츠의 김원중이 김재윤과 같은 계약 금액을 받을 가능성에 대한 논의.','https://best-friend-bucket.s3.ap-southeast-2.amazonaws.com/221698db-d','롯데 자이언츠의 김원중, 거액 계약 전망'),('2024-11-05',31,7,'조원우 코치가 SSG를 떠나 롯데 자이언츠로 복귀할 가능성이 임박했다는 소식.','https://best-friend-bucket.s3.ap-southeast-2.amazonaws.com/41742e49-9','SSG 떠나는 조원우 코치, 롯데 복귀 임박'),('2024-11-05',32,7,'1992년에 롯데 자이언츠가 우승했던 역사를 회상하며 롯데 팬들의 감정을 언급.','https://best-friend-bucket.s3.ap-southeast-2.amazonaws.com/36dae5ea-6','공감 칼럼: 캐스터의 우승콜이 의미심장한 이유'),('2024-11-05',33,7,'롯데 자이언츠 선수들의 발전 가능성과 팀의 미래에 대한 논의.','https://best-friend-bucket.s3.ap-southeast-2.amazonaws.com/b72bc22a-c','롯데 자이언츠의 잠재력'),('2024-11-05',34,8,'김태균 인터내셔널팀과 도쿄 밤바아다 주니어팀 간의 국제 교류전을 통해 실력 향상을 도모한다.','https://best-friend-bucket.s3.ap-southeast-2.amazonaws.com/2c001f29-6','충남 홍성군, 김태균 야구캠프 한·일 국제 교류전 \'눈길\''),('2024-11-05',35,8,'박찬혁 전 한화 이글스 대표이사가 골프 행사에 참여하여 주목받았다.','https://best-friend-bucket.s3.ap-southeast-2.amazonaws.com/5215b850-3','박찬혁 한화 이글스 전 대표이사 \'목표지점 정조준\''),('2024-11-05',36,8,'한화 이글스의 류현진이 이끄는 류현진재단이 자선 골프대회를 개최했다.','https://best-friend-bucket.s3.ap-southeast-2.amazonaws.com/c0e4c4cb-8','류현진재단, 횡성에서 자선 골프대회 열어 눈길'),('2024-11-05',37,8,'삼성 라이온즈와 KIA 타이거즈의 과거 우승 기록을 바탕으로 경영 전략을 분석한다.','https://best-friend-bucket.s3.ap-southeast-2.amazonaws.com/78b39baf-3','TIGERS 우승으로 본...정의선 경영학'),('2024-11-05',38,8,'KIA 타이거즈와 관련된 특별할인 프로모션이 지역 소상공인의 매출 증대에 기여했다.','https://best-friend-bucket.s3.ap-southeast-2.amazonaws.com/d4a17918-5','서석대\'공룡 플랫폼\' 대안 공공배달앱'),('2024-11-05',39,10,'김동엽이 키움 히어로즈로 이적했다.','https://best-friend-bucket.s3.ap-southeast-2.amazonaws.com/9d9d0d01-f','삼성 방출 92홈런 대형타자, 키움 유니폼 입었다!'),('2024-11-05',40,10,'김하성이 키움 히어로즈 출신으로, 이정후와 재결합할 가능성이 있다.','https://best-friend-bucket.s3.ap-southeast-2.amazonaws.com/53a0735b-7','FA 대어 김하성 이적 가능성 UP…4년 만에 이정후와 재결합하나?'),('2024-11-05',41,10,'지난 시즌 개막 전, 전문가들이 삼성을 키움 히어로즈와 함께 하위권으로 예상했으나 예상을 뒤집었다.','https://best-friend-bucket.s3.ap-southeast-2.amazonaws.com/eef7a721-f','삼성 \'준우승\' 마무리···하위권 예상 엎은 \'반전 2024\''),('2024-11-06',42,1,'KIA 타이거즈가 2024 KBO 리그에서 통합 우승을 달성하여, 이를 기념하여 다양한 상품을 출시했다.','https://best-friend-bucket.s3.ap-southeast-2.amazonaws.com/3cfb111c-4','KIA 타이거즈의 통합 우승'),('2024-11-06',43,1,'KIA 타이거즈가 오키나와에서 마무리캠프 훈련을 시작하며 NPB 출신 미츠마타 타이키를 수비 인스트럭터로 초빙했다.','https://best-friend-bucket.s3.ap-southeast-2.amazonaws.com/04bcba40-e','KIA 타이거즈 마무리캠프'),('2024-11-06',44,1,'KIA 타이거즈의 핵심 불펜인 장현식이 FA 시장에서 주목받고 있으며, 이적과 계약 관련 소식이 나오고 있다.','https://best-friend-bucket.s3.ap-southeast-2.amazonaws.com/de3acfaf-3','FA 시장과 KIA 타이거즈 선수들'),('2024-11-06',45,1,'KIA 타이거즈가 2025시즌 수비를 강화하기 위해 마무리캠프에 미츠마타 타이키 수비 인스트럭터를 초빙하여 훈련하고 있다.','https://best-friend-bucket.s3.ap-southeast-2.amazonaws.com/fc42c767-1','KIA 타이거즈의 수비 강화 노력'),('2024-11-06',46,1,'KIA 타이거즈의 팬들은 광주에서 V12 우승 기념 퍼레이드를 기대하고 있으며, 여러 팬이 팀의 미래에 대해 긍정적인 전망을 하고 있다.','https://best-friend-bucket.s3.ap-southeast-2.amazonaws.com/5c4cf2f0-2','KIA 타이거즈 팬들의 기대'),('2024-11-06',47,2,'삼성 라이온즈는 이종욱 작전·외야 코치를 영입하여 코칭 스태프를 강화했다.','https://best-friend-bucket.s3.ap-southeast-2.amazonaws.com/453096e6-7','감독 및 코칭 스태프 변화'),('2024-11-06',48,2,'삼성 라이온즈 출신 이학주가 롯데에서 방출되었으며, 이에 따라 선수단 변화가 언급되었다.','https://best-friend-bucket.s3.ap-southeast-2.amazonaws.com/d1ecf561-1','선수 방출 및 트레이드'),('2024-11-06',49,2,'삼성 라이온즈는 일본 오키나와에서 마무리 캠프를 시작하며 다음 시즌 준비에 돌입했다.','https://best-friend-bucket.s3.ap-southeast-2.amazonaws.com/9ba5fa7b-6','마무리 캠프 시작'),('2024-11-06',50,2,'삼성 라이온즈는 신인 선수 15명의 입단식을 진행하며 미래 인재 육성에 집중하고 있다.','https://best-friend-bucket.s3.ap-southeast-2.amazonaws.com/ce9a00a8-e','신인 선수 입단'),('2024-11-06',51,2,'삼성 라이온즈 내야수 류지혁이 FA 신청을 결정하며 자유계약 시장에서의 움직임이 주목받고 있다.','https://best-friend-bucket.s3.ap-southeast-2.amazonaws.com/866e7df2-8','FA 및 선수 계약'),('2024-11-06',52,3,'소형준이 포스트시즌 준플레이오프 LG 트윈스와의 경기에 등판하여 1홀드 평균자책점 2.25를 기록했다.','https://best-friend-bucket.s3.ap-southeast-2.amazonaws.com/1a41bdae-2','LG 트윈스와의 준플레이오프 3경기 4이닝 등판'),('2024-11-06',53,3,'삼성 라이온즈가 플레이오프에서 LG 트윈스를 시리즈 전적 3승 1패로 물리쳤다.','https://best-friend-bucket.s3.ap-southeast-2.amazonaws.com/16adec80-e','플레이오프 직행 LG 트윈스를 시리즈 전적 3승1패로 물리침'),('2024-11-06',54,3,'한 선수가 시즌 도중 LG 트윈스로 이적했으나 부진한 성적을 보여 FA 신청을 보류했다.','https://best-friend-bucket.s3.ap-southeast-2.amazonaws.com/498be1a3-2','LG 트윈스 이적 및 부진한 성적'),('2024-11-06',55,3,'엄상백과 최원태가 FA 시장에 나와 LG 트윈스와의 경기에서 선발로 활약했다.','https://best-friend-bucket.s3.ap-southeast-2.amazonaws.com/ca6f08c1-d','LG 트윈스와의 경기에서 활약한 FA 선수'),('2024-11-06',56,3,'대투수 양현종과 동명인 LG 트윈스 선수 양현종 등이 대만으로 출국하였다.','https://best-friend-bucket.s3.ap-southeast-2.amazonaws.com/08d1fb61-2','손호준, 양현종과 함께 대만으로 출국'),('2024-11-06',57,4,'\'두산 베어스\' 선수들이 대리 처방 문제로 처벌을 받았다.','https://best-friend-bucket.s3.ap-southeast-2.amazonaws.com/5ed26d47-9','KBO, \'수면제 대리처방\' 두산 김민혁 등 8명에 사회봉사 80시간'),('2024-11-06',58,4,'두산 베어스 선수 8명이 대리 처방 문제로 KBO로부터 징계를 받았다.','https://best-friend-bucket.s3.ap-southeast-2.amazonaws.com/2e2f64c7-6','KBO, \'오재원 대리 처방\' 두산 8인 명단 공개 ··· 사회봉사 80시간 징계'),('2024-11-06',59,4,'두산 베어스의 임창민이 FA 시장에서 주목받고 있다.','https://best-friend-bucket.s3.ap-southeast-2.amazonaws.com/00f958c4-f','막 올린 ‘쩐의 전쟁’…롯데, 김태형에 FA 선물 줄까'),('2024-11-06',60,4,'전 두산 베어스의 주전 선수 이종욱이 삼성 라이온즈 코치로 합류했다.','https://best-friend-bucket.s3.ap-southeast-2.amazonaws.com/94394bc8-2','‘2008 베이징 金’ 박진만-정대현과 뭉쳤다…이종욱 삼성 1군 작전·외야 코치로 영입'),('2024-11-06',61,4,'두산 베어스 출신 이종욱이 삼성 라이온즈의 코치로 합류했다.','https://best-friend-bucket.s3.ap-southeast-2.amazonaws.com/5755b664-b','프로야구 삼성, 이종욱 전 NC 코치 영입'),('2024-11-06',62,5,'엄상백이 FA 시장에서 주목받고 있으며, KT 위즈는 그의 잔류를 희망하고 있다.','https://best-friend-bucket.s3.ap-southeast-2.amazonaws.com/c76771c7-d','KT위즈 엄상백, 남을까 떠날까… 구단 \'내부FA 잔류\' 원칙으로 협상'),('2024-11-06',63,5,'엄상백과 심우준이 FA로 승인 받았으며, FA 시장의 주요 선수로 평가받고 있다.','https://best-friend-bucket.s3.ap-southeast-2.amazonaws.com/3f6e7687-1','KT 위즈 엄상백·심우준 SSG 최정·노경은 프로야구 FA 승인'),('2024-11-06',64,5,'소형준이 KT 위즈 소속으로 대표팀에 발탁되었으며, 본인도 예상치 못한 소식이다.','https://best-friend-bucket.s3.ap-southeast-2.amazonaws.com/c3d78ef4-2','8이닝 던졌는데…예상 못 했죠 대표팀 발탁 소식에 소형준 본인도 놀...'),('2024-11-06',65,5,'소형준은 부상에서 복귀한 뒤 대표팀에 선발되며 기량을 인정받고 있다.','https://best-friend-bucket.s3.ap-southeast-2.amazonaws.com/de2d619c-a','부상 복귀 시즌→태극마크까지…소형준 전혀 예상 NO, 꾸준히 대표팀 ...'),('2024-11-06',66,5,'KT 위즈 관련 상품이 CU 편의점 특화 매장에서 인기를 끌고 있다.','https://best-friend-bucket.s3.ap-southeast-2.amazonaws.com/ed2f9231-b','라면부터 K팝까지…편의점 CU, ‘특화 매장’에 꽂힌 이유'),('2024-11-06',67,6,'조원우가 롯데의 수석코치로 영입되었다.','https://best-friend-bucket.s3.ap-southeast-2.amazonaws.com/1913a5be-b','롯데, 조원우 SSG 코치 영입'),('2024-11-06',68,6,'최정이 SSG 랜더스에서 FA 권리를 행사할 예정이다.','https://best-friend-bucket.s3.ap-southeast-2.amazonaws.com/fa294ee7-c','최정, SSG 스토브리그 첫홈런 예고'),('2024-11-06',69,6,'FA 권리를 행사한 선수가 많아 각 구단의 영입 전략이 주목된다.','https://best-friend-bucket.s3.ap-southeast-2.amazonaws.com/8b1c6cb0-4','SSG맨 최정, 스토브리그 첫홈런 예고'),('2024-11-06',70,6,'SSG 랜더스의 노경은이 두 번째 FA 자격을 얻었다.','https://best-friend-bucket.s3.ap-southeast-2.amazonaws.com/8abbc92d-e','kt 엄상백·심우준 SSG 최정·노경은 프로야구 FA 승인'),('2024-11-06',71,6,'조원우 수석코치가 롯데 유니폼을 다시 입는다.','https://best-friend-bucket.s3.ap-southeast-2.amazonaws.com/50fb42dd-b','조원우 전 감독, 수석코치로 김태형 감독 보좌'),('2024-11-06',72,7,'조원우 전 SSG 랜더스 수석코치가 롯데 자이언츠에 복귀해 수석코치로 임명되었다.','https://best-friend-bucket.s3.ap-southeast-2.amazonaws.com/4d57fc27-5','조원우 수석코치 영입'),('2024-11-06',73,7,'롯데 자이언츠가 이학주, 오선진, 이인복, 임준섭 등 4명의 선수를 방출했다.','https://best-friend-bucket.s3.ap-southeast-2.amazonaws.com/7d5c7916-e','이학주 등 4명 방출'),('2024-11-06',74,7,'롯데 자이언츠가 2025시즌을 대비해 선수단 개편을 단행하고 있다.','https://best-friend-bucket.s3.ap-southeast-2.amazonaws.com/b950a360-e','선수단 정리'),('2024-11-06',75,7,'조원우 전 롯데 감독이 6년 만에 롯데 자이언츠로 복귀하여 수석코치를 맡는다.','https://best-friend-bucket.s3.ap-southeast-2.amazonaws.com/d6faba8c-3','조원우 전 감독의 복귀'),('2024-11-06',76,7,'롯데 자이언츠가 새로운 시즌을 대비해 코칭스태프와 선수단을 개편 중이다.','https://best-friend-bucket.s3.ap-southeast-2.amazonaws.com/2222f7d2-b','구단 개편과 준비'),('2024-11-06',77,8,'신규 구장 개장과 한화 이글스의 인기와 관련하여 야구 특화거리 조성을 통한 원도심 활성화를 지원','https://best-friend-bucket.s3.ap-southeast-2.amazonaws.com/0fbdb17c-9','이장우 대전시장 야구 특화거리, 원도심 활성화 위해 적극 지원'),('2024-11-06',78,8,'류현진이 이번 시즌 KBO 한화 이글스로 복귀해 활약','https://best-friend-bucket.s3.ap-southeast-2.amazonaws.com/0d89753d-a','배지현, ♥류현진 내조 위해 골프장 방문..눈빛에서 꿀 뚝뚝'),('2024-11-06',79,8,'조원우 수석코치 한화이글스에서 수비 코치 생활 시작','https://best-friend-bucket.s3.ap-southeast-2.amazonaws.com/8aeaddbb-4','삼성도 포기, 롯데도 포기\' 천재 유격수의 시련, 그를 품을 팀이 있을...'),('2024-11-06',80,8,'오선진은 한화 이글스에 입단해 이후 삼성으로 옮겼다가 한화와 재계약','https://best-friend-bucket.s3.ap-southeast-2.amazonaws.com/6401a509-2','롯데, 또 선수단 정리, 이학주·이인복·오선진·임준섭 방출'),('2024-11-06',81,8,'조원우 코치가 한화 이글스에서 수비 코치 생활 시작','https://best-friend-bucket.s3.ap-southeast-2.amazonaws.com/8808d0c0-6','프로야구 롯데 조원우 전 SSG 코치 영입…이학주·오선진 방출'),('2024-11-06',82,10,'키움 히어로즈가 대만 가오슝에서 23일간 루키캠프를 진행하며, 팀의 미래를 위한 젊은 선수 육성에 중점을 두고 있다.','https://best-friend-bucket.s3.ap-southeast-2.amazonaws.com/8ca17722-0','키움 히어로즈 루키캠프 실시'),('2024-11-06',83,10,'키움 히어로즈가 내야수 최주환과 최대 4년 12억 원에 비FA 다년계약을 체결하며 팀 전력 유지에 나섰다.','https://best-friend-bucket.s3.ap-southeast-2.amazonaws.com/eed8ef51-2','최주환 비FA 다년계약 체결'),('2024-11-06',84,10,'삼성 라이온즈 출신 외야수 김동엽이 키움 히어로즈에 영입되며 팀 전력 강화를 기대하고 있다.','https://best-friend-bucket.s3.ap-southeast-2.amazonaws.com/c346e0ed-4','김동엽 영입'),('2024-11-06',85,10,'키움 히어로즈의 이정후가 네티즌 어워즈 스포츠대상에서 7위를 기록하며 팬들의 사랑을 받고 있다.','https://best-friend-bucket.s3.ap-southeast-2.amazonaws.com/531ff658-9','이정후 네티즌 어워즈 순위'),('2024-11-06',86,10,'서울시가 다자녀 가족 약 400명을 대상으로 키움 히어로즈 홈경기에 무료 초청해 가족 친화적 스포츠 관람 기회를 제공했다.','https://best-friend-bucket.s3.ap-southeast-2.amazonaws.com/76dbb443-8','다자녀 가족 무료 초청'),('2024-11-08',137,1,'KIA 타이거즈가 한국시리즈 우승을 기념하여 광주 도심에서 카퍼레이드를 진행한다.','https://best-friend-bucket.s3.ap-southeast-2.amazonaws.com/61d012bb-b','KIA 타이거즈 우승 카퍼레이드'),('2024-11-08',138,1,'KIA 타이거즈의 전상현, 한준수 등 일부 선수들이 프리미어12 대표팀 명단에 들지 못했다.','https://best-friend-bucket.s3.ap-southeast-2.amazonaws.com/4d0c6ecc-5','프리미어12 대표팀 낙마'),('2024-11-08',139,1,'KIA 타이거즈에서 다수의 선수가 프리미어12 대표팀 예비 명단에 포함되었다.','https://best-friend-bucket.s3.ap-southeast-2.amazonaws.com/b4c0158e-0','KIA 타이거즈 선수 국가대표 차출'),('2024-11-08',140,1,'KIA 타이거즈를 이끌고 통합 우승을 달성한 이범호 감독의 지도력과 팬들에 대한 감사의 마음이 화제가 됐다.','https://best-friend-bucket.s3.ap-southeast-2.amazonaws.com/25f054f4-7','이범호 감독의 팀 운영'),('2024-11-08',141,1,'KIA 타이거즈의 김도영 선수가 시즌 동안 뛰어난 활약을 보이며 주목받았다.','https://best-friend-bucket.s3.ap-southeast-2.amazonaws.com/35ac4df4-b','김도영의 활약'),('2024-11-08',142,2,'삼성 라이온즈 출신의 양준혁과 기아 타이거즈 출신의 윤석민이 치열한 장원 대결을 벌입니다.','https://best-friend-bucket.s3.ap-southeast-2.amazonaws.com/bf16a8a6-7','진품명품 양준혁 VS 윤석민, \'야구 레전드\'들의 치열한 장원 경쟁'),('2024-11-08',143,2,'지난 광주에서 열린 KBO 포스트시즌 한국시리즈 5차전 삼성 라이온즈와 KIA 타이거즈의 경기에서 KIA가 우승했습니다.','https://best-friend-bucket.s3.ap-southeast-2.amazonaws.com/35b0ebaa-1','KIA 타이거즈, \'V12\' 축하 카퍼레이드 펼친다'),('2024-11-08',144,2,'삼성 라이온즈에서는 구자욱과 원태인, 김지찬, 김영웅이 부상을 당하면서 대표팀에 승선하지 못했습니다.','https://best-friend-bucket.s3.ap-southeast-2.amazonaws.com/8d3bad02-8','\'충격\' 투수 FA 최대어 대표팀 탈락 왜?→사령탑이 직접 밝혔다 [고척 현장]'),('2024-11-08',145,2,'김태군이 LG트윈스에서 프로에 데뷔하고, NC다이노스를 거쳐 삼성 라이온즈에서 65경기에 나서며 타율 0.258을 기록했습니다.','https://best-friend-bucket.s3.ap-southeast-2.amazonaws.com/27518e78-2','프로 데뷔 16년 만에 꽃 피운 \'우승 포수\''),('2024-11-08',146,2,'대표팀 엔트리에서 삼성 라이온즈의 김영웅이 최종 제외되었습니다.','https://best-friend-bucket.s3.ap-southeast-2.amazonaws.com/421c3977-9','\'엄상백·전상현·김영웅 낙마\' 류중일호, 벌떼 야구로 승부 본다 [프리미어12]'),('2024-11-08',147,3,'\'2024 러브기빙데이\'를 통해 팬과 선수들이 함께하는 자선행사가 열릴 예정이다.','https://best-friend-bucket.s3.ap-southeast-2.amazonaws.com/5f1887da-0','프로야구 LG, 16일 팬과 함께하는 2024 러브기빙데이'),('2024-11-08',148,3,'LG 트윈스의 자선행사가 YouTube를 통해 생중계되고 다양한 경품이 준비될 것이다.','https://best-friend-bucket.s3.ap-southeast-2.amazonaws.com/45b339da-0','LG 신인 12명+선수 22명, 팬과 잠실구장에서 함께한다 \'2024 러브기빙데이\''),('2024-11-08',149,3,'LG 트윈스가 6명의 대표팀 선수를 배출하며 시즌의 성과를 드러냈다.','https://best-friend-bucket.s3.ap-southeast-2.amazonaws.com/ac8d5482-7','\'충격\' 투수 FA 최대어 대표팀 탈락 왜?→사령탑이 직접 밝혔다 [고척 현]'),('2024-11-08',150,3,'LG 트윈스의 임찬규가 한국 대표팀의 핵심 투수로 활약하며 주목받았다.','https://best-friend-bucket.s3.ap-southeast-2.amazonaws.com/4caed07f-9','고민 많았다 류중일의 승부수…\'국대 7G ERA 제로\' 최지민 형들 몫까지'),('2024-11-08',151,3,'LG 트윈스는 포스트시즌에서 성공적인 성과를 거두었다.','https://best-friend-bucket.s3.ap-southeast-2.amazonaws.com/9b12e241-0','고영표는 LG 트윈스와의 준플레이오프에서 1차전 선발(4이닝 3안타 1실점)'),('2024-11-08',152,4,'두산 베어스 감독 이승엽이 기증한 애장품이 경매에 부쳐졌다.','https://best-friend-bucket.s3.ap-southeast-2.amazonaws.com/edac4c99-8','양준혁과 윤석민의 \'진품명품\' 대결'),('2024-11-08',153,4,'두산 베어스 감독 이승엽이 보유한 기록이 경신되었다.','https://best-friend-bucket.s3.ap-southeast-2.amazonaws.com/f9746831-f','KBO 리그 개인 최다 홈런 기록 경신'),('2024-11-08',154,4,'두산 베어스의 곽빈과 최승용이 대표팀으로 차출되었다.','https://best-friend-bucket.s3.ap-southeast-2.amazonaws.com/33072bb9-f','엄상백의 대표팀 엔트리 탈락'),('2024-11-08',155,4,'두산 베어스의 곽빈과 최승용이 대표팀 선발 요원으로 남았다.','https://best-friend-bucket.s3.ap-southeast-2.amazonaws.com/100209a7-4','프리미어12 야구대표팀 확정'),('2024-11-08',156,4,'두산 베어스에서 15년간 선수 생활을 하며 한국시리즈 우승을 4회 경험했다.','https://best-friend-bucket.s3.ap-southeast-2.amazonaws.com/f4dc6a08-b','최주환의 2026년 대권 도전'),('2024-11-08',157,5,'KT 위즈의 고영표, 박영현, 소형준이 프리미어12 한국 야구 대표팀에 선발됐다.','https://best-friend-bucket.s3.ap-southeast-2.amazonaws.com/7d37b1ee-9','KT ‘토종 삼총사’ 고영표·소형준·박영현, 야구대표팀 승선'),('2024-11-08',158,5,'KT 위즈가 트레이드로 좌완투수 심재민을 영입했다.','https://best-friend-bucket.s3.ap-southeast-2.amazonaws.com/a382b86b-b','KT 위즈에서 트레이드로 영입한 좌완투수 심재민'),('2024-11-08',159,5,'한화 이글스가 4년 최대 50억 원 규모로 KT 위즈의 주전 유격수였던 심우준을 FA로 영입했다.','https://best-friend-bucket.s3.ap-southeast-2.amazonaws.com/5285e29f-f','한화, \'4년 최대 50억\' FA 유격수 심우준 영입'),('2024-11-08',160,5,'KT 위즈에서 FA 자격을 취득한 유격수 심우준이 4년 50억 원에 계약을 체결했다.','https://best-friend-bucket.s3.ap-southeast-2.amazonaws.com/7436f3d1-2','\'임찬규가 50억인데 심우준도 50억이라니...\' 난감해진 LG'),('2024-11-08',161,5,'프리미어12 최종 엔트리에서 엄상백이 빠지면서 고영표가 한국 대표팀의 선발 요원이 되었다.','https://best-friend-bucket.s3.ap-southeast-2.amazonaws.com/331283a8-0','고민 많았다 류중일의 승부수…\'국대 7G ERA 제로\' 최지민 형들 몫까'),('2024-11-08',162,6,'기사에서는 SSG 랜더스의 전설적인 야구 선수 추신수를 언급하며, 해외 리그에서 이름을 알린 선수들에 대한 이야기를 다뤘습니다.','https://best-friend-bucket.s3.ap-southeast-2.amazonaws.com/1e7ce98c-6','추강대엽이요? 저는 빼면 안 될까요…추신수가 전한 진심 승엽 선배...'),('2024-11-08',163,6,'추신수가 SSG 랜더스를 은퇴하며, 감독직에 대한 가능성과 향후 계획에 대해 신중한 입장을 밝혔습니다.','https://best-friend-bucket.s3.ap-southeast-2.amazonaws.com/fbc9c89a-5','감독 추신수 볼 수 있나? 향후 거취 직접 답했다…제가 잘 할 수 있을까...'),('2024-11-08',164,6,'SSG 랜더스의 추신수가 은퇴 후에도 한국 프로야구 발전에 도움을 주겠다는 의지를 전했습니다.','https://best-friend-bucket.s3.ap-southeast-2.amazonaws.com/d68ddf84-8','\'야구 레전드\' 추신수 은퇴 그라운드 떠나지만 프로야구 돕겠다...'),('2024-11-08',165,6,'한국 야구의 전설 추신수가 SSG 랜더스 유니폼을 입고 현역에서 은퇴하며, 그에 대한 이야기를 통해 자신의 경력을 돌아보았습니다.','https://best-friend-bucket.s3.ap-southeast-2.amazonaws.com/ec759dde-2','\'韓 야구 전설\' 추신수, SSG 유니폼 입고 현역 은퇴 내게는 SSG가 첫 팀...'),('2024-11-08',166,6,'SSG 랜더스의 전설 추신수가 은퇴하며 일반인으로 돌아가게 되었다는 소식을 전하며, 그의 새로운 출발에 대한 이야기를 했습니다.','https://best-friend-bucket.s3.ap-southeast-2.amazonaws.com/64db5890-8','일반인으로 돌아가는 추신수: 기호일보'),('2024-11-08',167,7,'롯데 자이언츠의 희망이었던 야구선수 심재민이 부상과 후유증에도 불구하고 재활에 성공했다.','https://best-friend-bucket.s3.ap-southeast-2.amazonaws.com/1e817047-e','의사들조차 고개 절래절래 했던 몸 상태, 기어이 극복한 운동선수'),('2024-11-08',168,7,'롯데 자이언츠의 전 선수인 심재민이 부상에서 복귀를 준비하고 있다.','https://best-friend-bucket.s3.ap-southeast-2.amazonaws.com/044babb7-0','수술만 6시간 다리에 감각이 없는 공포…길었던 기다림→건강 되찾은...'),('2024-11-08',169,7,'이재학은 두산 베어스에서 활동하고 있으며, 대구옥산초-경복중-대구고 출신으로 롯데 자이언츠에 입단하지 않았다.','https://best-friend-bucket.s3.ap-southeast-2.amazonaws.com/a0aa9090-0','‘이렇게 마음씨 따뜻한 34세 투수가 있다니…’ 비시즌 먼저 달려간 곳→...'),('2024-11-08',170,7,'김태군은 2008년 LG 트윈스에서 프로에 데뷔했고 이후 NC 다이노스를 거쳐 롯데 자이언츠와 관련되지 않았다.','https://best-friend-bucket.s3.ap-southeast-2.amazonaws.com/b0c7efa7-3','‘프로 데뷔 16년 만에 꽃 피운 ‘우승 포수’'),('2024-11-08',171,7,'강민호는 포철공고 출신으로 롯데 자이언츠에 2004년에 입단해 FA 시장에서 이적 가능성을 가지고 있다.','https://best-friend-bucket.s3.ap-southeast-2.amazonaws.com/b2bb9993-c','‘어쩌면 ‘영구결번 듀오’인데…당연했던 잔류, 목표도 그려뒀다'),('2024-11-08',172,8,'한화 이글스는 FA 내야수 심우준을 영입하였고, 계약규모는 4년 최대 50억 원이다.','https://best-friend-bucket.s3.ap-southeast-2.amazonaws.com/a92a3d87-d','FA 내야수 심우준 영입'),('2024-11-08',173,8,'심우준의 영입으로 한화 이글스는 내야진 보강에 성공했다.','https://best-friend-bucket.s3.ap-southeast-2.amazonaws.com/20540a74-5','내야진 보강 성공'),('2024-11-08',174,8,'한화 이글스의 김서현이 2024 프리미어12 대표팀에 최종 명단에 선발되었다.','https://best-friend-bucket.s3.ap-southeast-2.amazonaws.com/e797c468-3','프리미어12 최종 명단 승선'),('2024-11-08',175,8,'프리미어12 대표팀에 한화 이글스 불펜진에 대한 긍정적인 평가가 이어졌다.','https://best-friend-bucket.s3.ap-southeast-2.amazonaws.com/0f5dfc96-9','\'대표팀 강점\' 불펜진'),('2024-11-08',176,8,'한화 이글스는 FA 영입과 함께 2025 시즌을 대비하고 있다.','https://best-friend-bucket.s3.ap-southeast-2.amazonaws.com/92a84842-f','프로야구 2025 시즌 준비'),('2024-11-08',177,9,'NC다이노스 야구 경기장에서 쌀 소비 촉진 캠페인을 했다.','https://best-friend-bucket.s3.ap-southeast-2.amazonaws.com/501be88d-2','쌀밥 식이섬유, 중성지방 흡수해 다이어트에 좋아'),('2024-11-08',178,9,'NC 다이노스에서 조병현과 박성한이 야구대표팀에 포함됐다.','https://best-friend-bucket.s3.ap-southeast-2.amazonaws.com/7ab87732-2','KT ‘토종 삼총사’ 고영표·소형준·박영현, 야구대표팀 승선'),('2024-11-08',179,9,'NC 다이노스의 김형준과 김휘집, 김주원이 프리미어12 야구대표팀에 선정됐다.','https://best-friend-bucket.s3.ap-southeast-2.amazonaws.com/51e9807a-6','프리미어12 야구대표팀 엔트리 확정'),('2024-11-08',180,9,'김형준, 김휘집, 김주원이 프리미어12에 참가한다.','https://best-friend-bucket.s3.ap-southeast-2.amazonaws.com/abfd3ff0-9','NC, WBSC 프리미어12에 3명 출전한다'),('2024-11-08',181,9,'NC 다이노스의 김시훈이 최종 엔트리에서 빠졌다.','https://best-friend-bucket.s3.ap-southeast-2.amazonaws.com/1388f39d-0','엄상백·전상현·김영웅 낙마'),('2024-11-08',182,10,'키움 히어로즈와 비FA 다년계약을 체결한 베테랑 내야수 최주환이 한국시리즈 우승을 꿈꾸고 있다.','https://best-friend-bucket.s3.ap-southeast-2.amazonaws.com/c0189494-2','2년 연속 최하위에도 \'희망 봤다\' 최주환 키움과 함께 2026년 대권 도전...'),('2024-11-08',183,10,'심우준을 잃은 KT 위즈와 함께 키움 히어로즈와 두산 베어스가 주전 유격수가 없는 실정이다.','https://best-friend-bucket.s3.ap-southeast-2.amazonaws.com/f9aebf6b-7','FA B등급 하주석을 데려갈 팀이 나올까…한화 우선순위 아니다, 2025 주전...'),('2024-11-08',184,10,'일본 언론이 포스팅 시스템을 통해 메이저리그 진출에 도전하는 키움 히어로즈의 김혜성의 거취에 깊은 관심을 드러냈다.','https://best-friend-bucket.s3.ap-southeast-2.amazonaws.com/7afbe912-e','김혜성 주목하는 일본 오타니와 같은 에이전시 소속…포스팅으로 ML 도...'),('2024-11-08',185,10,'다음 시즌에 대한 키움 히어로즈의 우려가 있음에도 불구하고 KIA 선수들 사이에서 인지도가 높다.','https://best-friend-bucket.s3.ap-southeast-2.amazonaws.com/67dba9ad-c','우승 기운 몰고 왔는데…KIA 필승조+백업 포수, 왜 류중일 선택 못받았...'),('2024-11-08',186,10,'LG 트윈스와 KIA 타이거즈에 이어 키움 히어로즈와 두산 베어스에서 각각 2명이 대표팀으로 선발되었다.','https://best-friend-bucket.s3.ap-southeast-2.amazonaws.com/afab339d-b','\'충격\' 투수 FA 최대어 대표팀 탈락 왜?→사령탑이 직접 밝혔다 [고척 현...'),('2024-11-13',187,1,'KIA 타이거즈가 12번째 한국시리즈 우승을 달성하며 팬들의 뜨거운 응원을 받았다.','https://best-friend-bucket.s3.ap-southeast-2.amazonaws.com/a1f91a07-a','KIA의 통합 우승'),('2024-11-13',188,1,'전상현이 KIA 타이거즈의 왕조 재건을 목표로 뛰고 있다.','https://best-friend-bucket.s3.ap-southeast-2.amazonaws.com/163947ae-e','전상현의 목표'),('2024-11-13',189,1,'최형우가 \'KIA 왕조\' 시대를 예고하며 향후 3~4년 간 건드리지 말라는 메시지를 전했다.','https://best-friend-bucket.s3.ap-southeast-2.amazonaws.com/6f31d286-e','최형우의 미래 계획'),('2024-11-13',190,1,'장현식이 KIA 타이거즈를 떠나 LG 트윈스와 계약하여 둥지를 틀었다.','https://best-friend-bucket.s3.ap-southeast-2.amazonaws.com/6911163f-b','장현식의 이적'),('2024-11-13',191,1,'대한민국 정부 박람회에서 KIA 타이거즈의 팬 사인회와 치어리딩 공연 등의 이벤트가 진행되었다.','https://best-friend-bucket.s3.ap-southeast-2.amazonaws.com/8310211d-f','정부 박람회와 KIA 이벤트'),('2024-11-13',192,2,'장현식은 삼성 라이온즈와의 계약 이후 중간 투수로 좋은 대우를 받음.','https://best-friend-bucket.s3.ap-southeast-2.amazonaws.com/fbb38186-c','장현식 지금이 전성기, 파급 효과 클 것 염경엽 감독의 예고'),('2024-11-13',193,2,'곽빈이 삼성 라이온즈의 원태인과 공동 다승왕에 올랐음.','https://best-friend-bucket.s3.ap-southeast-2.amazonaws.com/e8e459bf-7','고영표, 대만전 선발 출격...첫 경기, 내가 ...'),('2024-11-13',194,2,'구자욱이 삼성 라이온즈에서 주장 완장을 맡으려 했으나 부상으로 불발됨.','https://best-friend-bucket.s3.ap-southeast-2.amazonaws.com/b1722c8b-3','결혼의 힘→28세 첫 국대 승선→류중일호 캡틴 낙점…“설렌다, 좋은 선...'),('2024-11-13',195,2,'장현식은 삼성 라이온즈와 대비되는 KIA 타이거즈의 내부 FA 전략 언급됨.','https://best-friend-bucket.s3.ap-southeast-2.amazonaws.com/abf93929-5','장현식 놓친 KIA, 31세 사이드암은 잡아야 한다…ERA 6점대? 51승·21홀드...'),('2024-11-13',196,2,'김도영이 삼성 라이온즈를 꺾고 한국시리즈 우승을 차지함.','https://best-friend-bucket.s3.ap-southeast-2.amazonaws.com/b0244dbf-4','오타니에 한 발짝 모자랐지만 최연소 30-30 달성한 스타...미국·대만 ...'),('2024-11-13',197,3,'LG 트윈스 감독 염경엽이 FA 장현식 영입에 대한 큰 기대감을 표명.','https://best-friend-bucket.s3.ap-southeast-2.amazonaws.com/da492a40-3','장현식 지금이 전성기, 파급 효과 클 것 염경엽 감독의 예고'),('2024-11-13',198,3,'고영표 선수의 활약과 LG 트윈스와의 경기 기록.','https://best-friend-bucket.s3.ap-southeast-2.amazonaws.com/b14297f8-d','체인지업 앞세운 고영표, 대만전 선발 낙점 호주전까지 감안'),('2024-11-13',199,3,'LG 트윈스가 FA 장현식을 영입하며 불펜을 보강.','https://best-friend-bucket.s3.ap-southeast-2.amazonaws.com/2ba4e8a8-9','차명석 단장의 여유일까…FA 최대어와 첫 협상, “의례적인 자리...다음...'),('2024-11-13',200,3,'LG 트윈스가 KIA에서 장현식을 영입한 상황.','https://best-friend-bucket.s3.ap-southeast-2.amazonaws.com/ac98cf78-c','\'불펜 보강\' 희망 삼성 라이온즈 선택지 줄어드는 중'),('2024-11-13',201,3,'LG 트윈스가 장현식을 영입하며 FA 시장의 승자로 평가.','https://best-friend-bucket.s3.ap-southeast-2.amazonaws.com/2943e7ce-1','최정은 넘사벽, 78억원 넘을 선수는 있다? FA 두번째 승자는…최원태와...'),('2024-11-13',202,4,'박석민 코치가 두산 베어스에서 지도자 생활을 시작하며 재능 있는 타자들을 지도하고 있음.','https://best-friend-bucket.s3.ap-southeast-2.amazonaws.com/673a50d9-7','박석민 코치 두산 베어스 완벽 적응'),('2024-11-13',203,4,'박석민 코치가 일본 요미우리 자이언츠 지도자 연수를 받고 돌아와 두산 베어스 이승엽 감독과 함께함.','https://best-friend-bucket.s3.ap-southeast-2.amazonaws.com/ad71b4ed-d','두산 베어스 이승엽 감독과 박석민 코치'),('2024-11-13',204,4,'고영표와 곽빈은 두산 베어스 소속으로 프리미어12 대만전 선발 후보에 올라 이슈.','https://best-friend-bucket.s3.ap-southeast-2.amazonaws.com/5948f355-f','두산 베어스와 KBO 프리미어12'),('2024-11-13',205,4,'고영표는 와일드카드 결정전에서 좋은 성적을 기록하며 LG 트윈스와의 준PO에서도 활약.','https://best-friend-bucket.s3.ap-southeast-2.amazonaws.com/5a9ec744-4','두산 베어스의 2023 시즌 보강'),('2024-11-13',206,4,'양찬열이 두산 베어스에서 재계약 불가 통보를 받으며 떠날 전망.','https://best-friend-bucket.s3.ap-southeast-2.amazonaws.com/33e61602-9','양찬열의 두산 베어스 재계약 불가'),('2024-11-13',207,5,'KT 위즈의 베테랑 내야수 신본기가 13년간의 선수 생활을 마무리하며 은퇴를 선언했다.','https://best-friend-bucket.s3.ap-southeast-2.amazonaws.com/8d306d9b-1','기록적인 은퇴 발표'),('2024-11-13',208,5,'KT 위즈의 고영표가 프리미어12 대만전에서 한국 대표팀의 첫 선발로 낙점되었다.','https://best-friend-bucket.s3.ap-southeast-2.amazonaws.com/e78a5e1e-0','고영표의 대만전 선발'),('2024-11-13',209,5,'KT 위즈의 고영표는 프리미어12 대회에서 한국 대표팀의 선발 투수로 출전할 예정이다.','https://best-friend-bucket.s3.ap-southeast-2.amazonaws.com/51b4b7a8-4','고영표의 프리미어12 참가'),('2024-11-13',210,5,'KT 위즈 신본기가 은퇴한다는 소식이 전해지면서 그의 13년 선수 생활이 많은 주목을 받았다.','https://best-friend-bucket.s3.ap-southeast-2.amazonaws.com/a7036c8f-7','신본기의 인상 깊은 선수 생활'),('2024-11-13',211,5,'KT 위즈는 베테랑 내야수 신본기의 은퇴를 공식 발표했다.','https://best-friend-bucket.s3.ap-southeast-2.amazonaws.com/a039ff41-3','KT 위즈의 은퇴 발표'),('2024-11-13',212,6,'베네수엘라의 핀토가 과거 SSG 랜더스 (구 SK 와이번스)와 계약하여 KBO 리그에 도전했으나 실패했던 이야기가 프리미어12에서 언급되었다.','https://best-friend-bucket.s3.ap-southeast-2.amazonaws.com/ee09c1d3-e','한국서 쓴맛 봤던 베네수엘라 투수들, 프리미어12 달군다…핀토-산체스'),('2024-11-13',213,6,'프리미어12 대만전에서 고영표와 함께 SSG 랜더스의 조병현이 불펜의 중심에 있는 주요 선수로 언급되었다.','https://best-friend-bucket.s3.ap-southeast-2.amazonaws.com/2fc0ef80-2','고영표, 프리미어12 대만과 첫판 선발…린여우민과 맞대결(종합)'),('2024-11-13',214,6,'SSG 랜더스의 조병현이 프리미어12 대만전에서 한국 불펜 투수로서 중요한 역할을 맡게 될 예정이다.','https://best-friend-bucket.s3.ap-southeast-2.amazonaws.com/f2fb4fb8-8','‘좌완 린위민 격파 선봉’ 우타 김도영-윤동희, 운명의 대만전으로 프...'),('2024-11-13',215,6,'SSG 랜더스의 조병현을 포함한 5개 구단의 주전 마무리 투수들이 대만전 출전을 준비하고 있다.','https://best-friend-bucket.s3.ap-southeast-2.amazonaws.com/1e4b3091-b','한국 불펜의 에이스들, 대만 방망이 잠재운다'),('2024-11-13',216,6,'SSG 랜더스와 맞대결 등 퓨처스리그의 경기 기록 및 롯데의 계투진에 대한 언급이 있다.','https://best-friend-bucket.s3.ap-southeast-2.amazonaws.com/62b5edfa-0','나균안은 믿을 수 없고 김진욱은 상무 입대 예정...\'2023 선발 6경기 ERA...'),('2024-11-13',217,7,'롯데월드 어드벤처 부산에서 롯데자이언츠 팬들을 위한 \'자이언츠 FAN DAY IN 월드\' 행사가 개최됩니다.','https://best-friend-bucket.s3.ap-southeast-2.amazonaws.com/e55fdd38-9','선수들 만나 사진찍자… 롯데자이언츠 \'팬 데이\''),('2024-11-13',218,7,'롯데자이언츠가 팬들을 위한 자이언츠 FAN DAY IN 월드 행사를 롯데월드 어드벤처 부산에서 엽니다.','https://best-friend-bucket.s3.ap-southeast-2.amazonaws.com/3e424dfa-5','롯데 자이언츠, 16·17일 부산 롯데월드서 팬데이'),('2024-11-13',219,7,'롯데 자이언츠 마무리 투수 김원중은 롯데에 잔류하기로 했으며 장현식은 LG 트윈스로 이적했습니다.','https://best-friend-bucket.s3.ap-southeast-2.amazonaws.com/600ab784-c','불펜 보강 희망 삼성 라이온즈 선택지 줄어드는 중'),('2024-11-13',220,7,'신본기는 2012년 롯데 자이언츠에 입단 후 KT로 이적하여 은퇴를 발표했습니다.','https://best-friend-bucket.s3.ap-southeast-2.amazonaws.com/67074ee4-d','\'선행 아이콘\' KT 신본기 현역 은퇴'),('2024-11-13',221,7,'롯데 자이언츠의 윤동희가 경기 중 \'아파트\' 세리머니를 선보였습니다.','https://best-friend-bucket.s3.ap-southeast-2.amazonaws.com/e14fbedd-e','윤동희, 야구실력 못지않은 \'아파트\' 세리머니... 내 아이디어'),('2024-11-13',222,8,'한화 이글스가 FA 시장에서 유격수 심우준과 투수 엄상백을 각각 4년 50억원, 4년 78억원에 영입했다.','https://best-friend-bucket.s3.ap-southeast-2.amazonaws.com/46db13e9-d','한화 이글스의 FA 영입 및 계약'),('2024-11-13',223,8,'한화 이글스가 창단 40주년을 맞아 새로운 유니폼과 브랜드 아이덴티티를 공개했다.','https://best-friend-bucket.s3.ap-southeast-2.amazonaws.com/2177547e-c','한화 이글스 새 유니폼 공개'),('2024-11-13',224,8,'한화 이글스는 창단 40주년을 기념하며 역동적인 변화를 강조하고 신인 유망주 육성 계획을 밝혔다.','https://best-friend-bucket.s3.ap-southeast-2.amazonaws.com/d83e0591-f','한화 이글스의 변화와 전략'),('2024-11-13',225,8,'한화 이글스가 FA 선수 영입에 따른 보상선수 부담과 관련된 전략을 고민하고 있다.','https://best-friend-bucket.s3.ap-southeast-2.amazonaws.com/06c8df47-7','한화 이글스의 FA 보상선수 문제'),('2024-11-13',226,8,'한화 이글스는 미래를 위해 신인 및 유망주 발굴에 초점을 맞추고 있으며, FA 시장 참여를 적극적으로 진행하고 있다.','https://best-friend-bucket.s3.ap-southeast-2.amazonaws.com/cab06d43-9','한화 이글스의 미래 계획'),('2024-11-13',227,9,'NC 다이노스가 외국인 투수 에릭 요키시와의 재계약을 하지 않기로 결정했다.','https://best-friend-bucket.s3.ap-southeast-2.amazonaws.com/6e01e2ad-c','NC, 에릭 요키시와 결별한다'),('2024-11-13',228,9,'프로야구 NC 다이노스는 시즌 중반 합류했던 외국인 투수 에릭 요키시에게 재계약 불가 통보를 했다.','https://best-friend-bucket.s3.ap-southeast-2.amazonaws.com/85a4f898-8','NC 다이노스, 외국인 투수 에릭 요키시와 결별'),('2024-11-13',229,9,'에릭 요키시는 NC 다이노스와의 재계약이 불발되며 KBO 리그에 남을 수 있을지 미지수다.','https://best-friend-bucket.s3.ap-southeast-2.amazonaws.com/10d1d70e-4','\'안타깝지만 여기까지\' 요키시, NC와 작별…KBO에 남을 수 있을까'),('2024-11-13',230,9,'박석민 코치는 과거 NC 다이노스와 FA 계약을 하고 삼성에서 이적해 활약했다.','https://best-friend-bucket.s3.ap-southeast-2.amazonaws.com/c16a1a25-7','\'두산에 완벽 적응\' 박석민 코치, 우리도 재능 있는 타자 많아'),('2024-11-13',231,9,'NC 다이노스는 카일 하트와 맷 데이비슨과 재계약을 추진 중이나 에릭 요키시와는 결별한다.','https://best-friend-bucket.s3.ap-southeast-2.amazonaws.com/efe3f15d-5','NC, 하트·데이비슨과 2025년 시즌 함께 할 수 있을까'),('2024-11-13',232,10,'NC 다이노스가 키움 히어로즈에서 활약했던 외국인 투수 에릭 요키시와 결별했다. 요키시는 2019년부터 2023년까지 키움 히어로즈에서 뛰었으며, 이번 시즌은 평균자책점 4점대를 기록했다.','https://best-friend-bucket.s3.ap-southeast-2.amazonaws.com/cf91743f-9','에릭 요키시와 결별'),('2024-11-13',233,10,'키움 히어로즈의 내야수 송성문은 2024시즌 142경기에 나와 타율 0.340, 179안타, 19홈런, 104타점, 88득점을 기록하며 리그 최고의 3루수로 자리매김했다.','https://best-friend-bucket.s3.ap-southeast-2.amazonaws.com/95f414b0-5','송성문의 활약'),('2024-11-13',234,10,'키움 히어로즈의 송성문이 프리미어12 대회에 한국 대표팀의 주장을 맡으며 활약 중이며, 대만과 첫 경기를 준비하고 있다.','https://best-friend-bucket.s3.ap-southeast-2.amazonaws.com/1ad5a7c2-a','프리미어12 대회'),('2024-11-13',235,10,'프리미어12 기자회견에서 한국어 통역이 제공되지 않아 논란이 있었다. 한국 대표팀은 키움 히어로즈의 송성문이 주장으로 참석하였다.','https://best-friend-bucket.s3.ap-southeast-2.amazonaws.com/58d883c4-5','프리미어12 기자회견 논란'),('2024-11-13',236,10,'송성문은 2024 프리미어12 대회에서 한국 야구대표팀의 주장으로 임명되었으며, 기대를 모으고 있다.','https://best-friend-bucket.s3.ap-southeast-2.amazonaws.com/874519e5-7','송성문의 주장 임명'),('2024-11-15',258,1,'김도영은 쿠바전에서 멀티 홈런과 5타점으로 경기의 중요한 역할을 했습니다.','https://best-friend-bucket.s3.ap-southeast-2.amazonaws.com/2e86cf62-5','김도영 멀티홈런 활약'),('2024-11-15',259,1,'KIA 타이거즈가 일본 오키나와에서 마무리캠프를 진행하며 다음 시즌을 준비하고 있습니다.','https://best-friend-bucket.s3.ap-southeast-2.amazonaws.com/abc6bbf4-7','KIA 캠프 마무리'),('2024-11-15',260,1,'김도영은 프리미어12 국제대회에서 만루 홈런을 치며 국제무대에서의 존재감을 드러냈습니다.','https://best-friend-bucket.s3.ap-southeast-2.amazonaws.com/d37f6f97-0','김도영 국제무대 활약'),('2024-11-15',261,1,'곽빈은 김도영과의 팀워크를 밝히며 든든함을 전했습니다.','https://best-friend-bucket.s3.ap-southeast-2.amazonaws.com/ae40469f-2','곽빈과 김도영 호흡'),('2024-11-15',262,1,'한국 야구대표팀이 쿠바를 상대로 8-4로 승리하며 프리미어12 첫 승을 거뒀습니다.','https://best-friend-bucket.s3.ap-southeast-2.amazonaws.com/c951b397-2','쿠바전 압도적 승리'),('2024-11-15',263,2,'원태인이 15승 9패로 곽빈과 함께 공동 다승왕에 올랐다.','https://best-friend-bucket.s3.ap-southeast-2.amazonaws.com/112e4e8d-c','원태인 공동 다승왕'),('2024-11-15',264,2,'원태인이 삼성 라이온즈 소속으로 다승 1위 타이틀을 획득했다.','https://best-friend-bucket.s3.ap-southeast-2.amazonaws.com/13a359fa-8','원태인 다승 쾌거'),('2024-11-15',265,3,'김도영이 쿠바와의 경기에서 멀티 홈런 등 맹활약으로 팀 승리에 기여했다.','https://best-friend-bucket.s3.ap-southeast-2.amazonaws.com/c6de44af-9','김도영 맹활약 쿠바전'),('2024-11-15',266,3,'LG 트윈스의 문보경이 쿠바전 2회말 2사 후 2루타를 기록하며 득점 기회를 만들었다.','https://best-friend-bucket.s3.ap-southeast-2.amazonaws.com/a774882f-6','문보경 2루타'),('2024-11-15',267,3,'프리미어12 한국 대표팀이 쿠바전 승리로 한일전 대비 전력을 강화하고 있다.','https://best-friend-bucket.s3.ap-southeast-2.amazonaws.com/82061c79-0','한일전 대비 전력'),('2024-11-15',268,3,'한국 야구대표팀이 프리미어12 대회에서 첫 승리를 거두었다.','https://best-friend-bucket.s3.ap-southeast-2.amazonaws.com/c2157576-9','프리미어12 첫 승'),('2024-11-15',269,3,'LG 트윈스 홍창기가 국제 경기 스트라이크 존에 대한 대처 방안에 대해 말했다.','https://best-friend-bucket.s3.ap-southeast-2.amazonaws.com/0b9a1aea-9','국제경기 스트존'),('2024-11-15',270,4,'곽빈이 쿠바전을 포함한 국제대회에서 호투하며 한국을 승리로 이끎.','https://best-friend-bucket.s3.ap-southeast-2.amazonaws.com/a5538ba3-1','곽빈의 무실점 역투'),('2024-11-15',271,4,'두산 베어스의 \'원클럽맨\' 김재호가 21년 선수 생활을 마무리하고 은퇴 발표.','https://best-friend-bucket.s3.ap-southeast-2.amazonaws.com/48227d45-5','김재호의 은퇴 선언'),('2024-11-15',272,4,'김재호의 은퇴와 함께 팀 내 젊은 선수들로의 전환 및 전략 변화 시사.','https://best-friend-bucket.s3.ap-southeast-2.amazonaws.com/0fcfca7c-0','두산의 세대교체'),('2024-11-15',273,4,'곽빈은 KBO리그 2024 시즌 다승 1위로서 국제무대에서도 존재감 발휘.','https://best-friend-bucket.s3.ap-southeast-2.amazonaws.com/a2753a1e-c','곽빈의 다승왕 위엄'),('2024-11-15',274,4,'김택연이 국제대회 첫 성인 대표팀 경기에서 다소 흔들렸지만 팀에 기여.','https://best-friend-bucket.s3.ap-southeast-2.amazonaws.com/1d430e7a-e','김택연의 불펜 활약'),('2024-11-15',275,5,'김도영이 KT 위즈 소속인 리반 모이넬로에게 만루 홈런을 쳤다.','https://best-friend-bucket.s3.ap-southeast-2.amazonaws.com/f27383a3-f','김도영 만루홈런'),('2024-11-15',276,5,'KT 위즈 소속의 고영표가 대만전에서 부진한 투구를 했다.','https://best-friend-bucket.s3.ap-southeast-2.amazonaws.com/c5ffe778-c','고영표 부진'),('2024-11-15',277,5,'KT 위즈 소속의 소형준이 1⅔이닝 동안 무실점 호투를 펼쳤다.','https://best-friend-bucket.s3.ap-southeast-2.amazonaws.com/4657eba2-3','소형준 무실점'),('2024-11-15',278,5,'두산 베어스의 곽빈은 과거 KT 위즈에서 활약했었다.','https://best-friend-bucket.s3.ap-southeast-2.amazonaws.com/d19fe267-9','KT 출신 곽빈'),('2024-11-15',279,5,'KT 위즈의 고영표가 자신의 투구에 대해 아쉬움을 드러냈다.','https://best-friend-bucket.s3.ap-southeast-2.amazonaws.com/78da8f2c-7','고영표 아쉬움'),('2024-11-15',280,6,'쿠바전에서 SSG 랜더스 소속 선수들이 출전하여 한국 야구대표팀의 승리에 기여했다.','https://best-friend-bucket.s3.ap-southeast-2.amazonaws.com/32da26aa-1','선수가 바뀐 쿠바전'),('2024-11-15',281,6,'문보경은 SSG 랜더스 소속으로 좋은 기량을 보여주며 팀의 중요한 기회를 만들었다.','https://best-friend-bucket.s3.ap-southeast-2.amazonaws.com/15f53f3b-3','문보경, 활약'),('2024-11-15',282,6,'SSG 랜더스의 치어리더들이 한국 야구대표팀을 위한 응원을 펼쳤다.','https://best-friend-bucket.s3.ap-southeast-2.amazonaws.com/ccf0fc5a-4','치어리더의 응원'),('2024-11-15',283,6,'SSG 랜더스의 응원단이 대만에서 열린 경기에서 한국팀을 응원했다.','https://best-friend-bucket.s3.ap-southeast-2.amazonaws.com/267bff56-0','응원단, 대만경기'),('2024-11-15',284,6,'한국 대표팀이 쿠바전에서 SSG 랜더스 소속 선수들을 포함한 라인업 변화를 통해 경기에 나섰다.','https://best-friend-bucket.s3.ap-southeast-2.amazonaws.com/2fb723be-3','한국, 라인업 변화'),('2024-11-15',285,7,'롯데 자이언츠 선수가 롯데지주와 롯데GRS와 함께 부산에서 드림 카페를 운영하며 일일 바리스타로 변신한다.','https://best-friend-bucket.s3.ap-southeast-2.amazonaws.com/a9ec6936-d','롯데 선수들 바리스타'),('2024-11-15',286,7,'롯데 자이언츠 선수들이 동부산 롯데 아울렛에서 팬 사인회를 개최하며 팬들과 만남을 가질 예정이다.','https://best-friend-bucket.s3.ap-southeast-2.amazonaws.com/fc45bc9a-0','동부산 아울렛 팬사인회'),('2024-11-15',287,7,'롯데 자이언츠의 나승엽이 국대 데뷔전에서 홈런을 기록하며 팀에 긍정적인 영향을 주었다.','https://best-friend-bucket.s3.ap-southeast-2.amazonaws.com/96e2e5e0-1','나승엽 국대 데뷔 홈런'),('2024-11-15',288,7,'롯데 자이언츠의 응원단이 대만에서 한국 선수들을 응원하며 현지 한국 교민과 팬들과 함께 응원전을 펼친다.','https://best-friend-bucket.s3.ap-southeast-2.amazonaws.com/c752dc1b-a','한국 치어리더 응원'),('2024-11-15',289,7,'롯데 자이언츠가 롯데지주와 롯데GRS와 협력하여 부산 곳곳에서 드림 카페를 운영하며 사회적 책임을 다하고 있다.','https://best-friend-bucket.s3.ap-southeast-2.amazonaws.com/36bc3ab6-e','드림카페 운영 발표'),('2024-11-15',290,8,'한화 이글스에서 김태균의 영구결번이 진행되었고, 그는 아너 소사이어티의 홍보대사로 위촉되었다.','https://best-friend-bucket.s3.ap-southeast-2.amazonaws.com/67c9a198-5','김태균 영구결번'),('2024-11-15',291,8,'코디 폰스가 한화 이글스에 입단할 가능성이 있으며, 계약이 임박했다는 소식이 전해졌다.','https://best-friend-bucket.s3.ap-southeast-2.amazonaws.com/09fe9e52-7','코디 폰스 한화행'),('2024-11-15',292,9,'이호준 감독이 팬들과의 타운홀 미팅에서 NC 다이노스 팬들을 만난다.','https://best-friend-bucket.s3.ap-southeast-2.amazonaws.com/1b7c48bc-5','이호준 신임 감독'),('2024-11-15',293,9,'NC 다이노스가 팬들과 시즌을 마무리하며 소통하는 타운홀 미팅을 준비한다.','https://best-friend-bucket.s3.ap-southeast-2.amazonaws.com/1233a097-1','타운홀 미팅 개최'),('2024-11-15',294,9,'이호준 감독이 내년 시즌 선전을 다짐하며 팬들 앞에서 계획을 발표한다.','https://best-friend-bucket.s3.ap-southeast-2.amazonaws.com/508efb9d-4','이호준 감독 계획 발표'),('2024-11-15',295,9,'NC 다이노스가 연말 행사로 팬들과 소통하는 기회를 갖는다.','https://best-friend-bucket.s3.ap-southeast-2.amazonaws.com/9c2fd418-1','NC 다이노스 팬들과 소통'),('2024-11-15',296,9,'NC 다이노스 선수들은 팬들과의 직접적인 소통으로 시즌을 마무리한다.','https://best-friend-bucket.s3.ap-southeast-2.amazonaws.com/acc52feb-d','선수와 팬들의 소통'),('2024-11-15',297,10,'김도영이 키움 히어로즈와의 경기에서 만루 홈런을 포함한 멀티 홈런을 기록하며 활약했다.','https://best-friend-bucket.s3.ap-southeast-2.amazonaws.com/6c603c6a-0','김도영 만루홈런'),('2024-11-15',298,10,'키움 히어로즈 경기 중에서 송성문이 실책을 범하며 팀의 위기가 발생했다.','https://best-friend-bucket.s3.ap-southeast-2.amazonaws.com/623b6f3f-7','키움의 실책'),('2024-11-15',299,10,'키움 히어로즈의 소속 선수들이 국제 대회에서 다양한 활약을 펼쳐 화제가 되었다.','https://best-friend-bucket.s3.ap-southeast-2.amazonaws.com/1d859da5-d','키움 소속 선수들'),('2024-11-15',300,10,'포수 박동원과 더불어 키움의 송성문이 연속 포구 실책으로 위기를 초래했다.','https://best-friend-bucket.s3.ap-southeast-2.amazonaws.com/93e0fb7a-0','박동원의 포구 실책'),('2024-11-15',301,10,'김도영이 키움 히어로즈와의 경기에서 공수 양면에서 크게 활약하며 팀을 승리로 이끌었다.','https://best-friend-bucket.s3.ap-southeast-2.amazonaws.com/a4fc1277-a','김도영 공수 맹활약'),('2024-11-14',302,1,'최지민과 김도영 등의 활약이 돋보이며, 특히 최지민은 대만전에서 2.2이닝 동안 무실점 역투를 펼쳤고, 김도영은 적시 2루타와 도루로 존재감을 드러냈다.','https://best-friend-bucket.s3.ap-southeast-2.amazonaws.com/e14cfd12-2','KIA 타이거즈의 선수 활약'),('2024-11-14',303,1,'장현식이 KIA 타이거즈를 떠나 LG 트윈스와 4년 52억 원 계약을 체결했다. 팬들에게 감사 인사를 전하며 아쉬움을 표현했다.','https://best-friend-bucket.s3.ap-southeast-2.amazonaws.com/298927b2-6','장현식의 LG 트윈스 이적'),('2024-11-14',304,1,'KIA 타이거즈 선수들이 참여한 한국 대표팀은 대만에 3-6으로 패배했다. 고영표가 2이닝 6실점하며 부진한 모습을 보였다.','https://best-friend-bucket.s3.ap-southeast-2.amazonaws.com/1e1a8e50-a','프리미어12 대만전 패배'),('2024-11-14',306,1,'KIA 타이거즈가 미국 선수 영입설로 주목받고 있다. 애덤 올러와 관련된 소문이 있었으나 결정된 것은 없다.','https://best-friend-bucket.s3.ap-southeast-2.amazonaws.com/ef62778f-f','미국발 KIA 외국인 선수 영입설'),('2024-11-14',307,2,'KIA 타이거즈의 장현식이 한국시리즈 전 경기에 구원 등판하며 5이닝 동안 단 한 점도 내주지 않았고, 삼성 라이온즈와의 경기에서 기세를 이어갔다.','https://best-friend-bucket.s3.ap-southeast-2.amazonaws.com/c5448d67-3','KIA는 다시 한번 꿈을 펼칠 기회를 준 구단...LG 이적한 장현식, 타이...'),('2024-11-14',308,2,'삼성 라이온즈 외야수 김현준이 상무 입대를 앞두고 있다. 그는 구자욱과 같은 길을 걸을 수 있을지 주목받고 있다.','https://best-friend-bucket.s3.ap-southeast-2.amazonaws.com/8bcb98f9-0','곧 상무 입대 삼성 굴비즈 김현준, \'프랜차이즈 스타\' 구자욱처럼 군...'),('2024-11-14',309,2,'김재윤이 삼성 라이온즈와 4년 58억원에 계약하며 철벽 마무리로서 입지를 다졌다.','https://best-friend-bucket.s3.ap-southeast-2.amazonaws.com/086e83a8-b','역사상 단 6명! 50억 넘긴 불펜 FA 살펴보니…김원중+장현식은 다를까 [...'),('2024-11-14',310,2,'삼성 라이온즈의 원태인이 올해 KBO리그에서 곽빈과 함께 다승왕을 차지했다.','https://best-friend-bucket.s3.ap-southeast-2.amazonaws.com/7684ef1b-a','코너 몰린 한국, 쿠바전 선발은 곽빈…모이넬로와 대결:'),('2024-11-14',311,2,'폭스바겐 대구 전시장에서 삼성 라이온즈의 구자욱 선수 팬 사인회가 열렸다.','https://best-friend-bucket.s3.ap-southeast-2.amazonaws.com/a52e1365-3','폭스바겐 딜러 지엔비오토모빌, \'구자욱\' 선수 팬 사인회 진행:'),('2024-11-14',312,3,'장현식이 KIA 타이거즈에서 LG 트윈스로 이적하며 계약을 체결했고, 팬들에게 감사와 작별 인사를 전했습니다.','https://best-friend-bucket.s3.ap-southeast-2.amazonaws.com/d7287bf1-3','장현식의 LG 트윈스 이적'),('2024-11-14',313,3,'대만과의 프리미어12 경기에서 LG 트윈스 소속 고영표가 2이닝 동안 6실점하며 부진한 모습을 보였습니다.','https://best-friend-bucket.s3.ap-southeast-2.amazonaws.com/c8ac4f36-d','프리미어12 대만전에서의 고영표의 부진'),('2024-11-14',314,3,'프리미어12 대만전에서 KIA 타이거즈의 김도영과 최지민이 활약하며 팀의 체면을 살렸습니다.','https://best-friend-bucket.s3.ap-southeast-2.amazonaws.com/15a85810-a','프리미어12에서의 KIA 타이거즈 선수들의 활약'),('2024-11-14',315,3,'한국 타선이 프리미어12 대만전에서 LG 트윈스 투수 린여우민에게 막혀 초반 무안타에 그쳤습니다.','https://best-friend-bucket.s3.ap-southeast-2.amazonaws.com/751ba592-f','프리미어12 한국 타선의 침묵'),('2024-11-14',316,3,'프리미어12에서 LG 트윈스 소속 윤동희와 박동원이 각각 타자와 적시타를 기록하며 주목받았습니다.','https://best-friend-bucket.s3.ap-southeast-2.amazonaws.com/1d767478-d','LG 트윈스의 국내 선수들의 활약'),('2024-11-14',317,4,'두산 이승엽 감독이 3루 주전 허경민의 kt wiz 이적을 존중하며, 대체 3루 주인을 찾기 시작했다.','https://best-friend-bucket.s3.ap-southeast-2.amazonaws.com/9356a6ea-4','허경민 선택 존중해'),('2024-11-14',318,4,'김도영(KIA 타이거즈)이 대만전에서 활약하며 한국 야구의 자존심을 세웠다.','https://best-friend-bucket.s3.ap-southeast-2.amazonaws.com/e0d52fdc-4','역시 김도영, 한국 첫 득점 만드는 장타 작렬'),('2024-11-14',319,4,'두산 베어스 내야수 여동건이 \'한국판 무키 베츠\'로 불리며 야구 도인을 꿈꾸고 있다.','https://best-friend-bucket.s3.ap-southeast-2.amazonaws.com/b5b4774e-b','야구 도인 꿈꾸는 여동건'),('2024-11-14',320,4,'나승엽이 프리미어12 대회 첫 타석에서 홈런을 기록하며 이승엽 감독의 승리를 이끌었다.','https://best-friend-bucket.s3.ap-southeast-2.amazonaws.com/48f7096b-0','역시 \'국대 승엽\'은 진리다'),('2024-11-14',321,4,'두산의 곽빈이 쿠바전 선발로 나서며, 류중일 감독은 대만전 패배의 원인에 대한 고민을 이어가고 있다.','https://best-friend-bucket.s3.ap-southeast-2.amazonaws.com/49d3ca58-c','대만전 완패한 류중일 감독'),('2024-11-14',322,5,'고영표가 대만과의 프리미어12 첫 경기에서 2이닝 동안 6실점하며 부진했다.','https://best-friend-bucket.s3.ap-southeast-2.amazonaws.com/e8a67a80-8','고영표의 대만전 부진'),('2024-11-14',323,5,'고영표가 대만전 2회 만루 홈런과 2점 홈런을 허용하며 이후 경기에서 조기 강판되었다.','https://best-friend-bucket.s3.ap-southeast-2.amazonaws.com/26aa60c7-f','고영표의 만루 홈런 허용'),('2024-11-14',324,5,'고영표가 대만전에 선발로 등판했으나 2이닝 만에 강판되었으며 그의 부진이 한국 패배의 원인이 되었다.','https://best-friend-bucket.s3.ap-southeast-2.amazonaws.com/68232eed-b','KT 위즈 고영표 선발 등판'),('2024-11-14',325,5,'차기 경기에서 KT 위즈의 불펜 투수들은 대만 타선을 봉쇄하기 위해 총동원될 계획이다.','https://best-friend-bucket.s3.ap-southeast-2.amazonaws.com/0b701f20-7','KT 위즈 불펜진 구성'),('2024-11-14',326,5,'고영표는 국제 대회 경험이 많고 스피드와 변화구로 대만 타자들을 상대할 준비를 했지만 실패했다.','https://best-friend-bucket.s3.ap-southeast-2.amazonaws.com/d6d9cf91-3','고영표의 변화구와 스피드'),('2024-11-14',327,6,'\'국대 승엽\'이라는 별칭과 함께 나승엽이 첫 타석부터 홈런포를 작렬하며 이승엽 현 두산 베어스 감독을 연상시키는 모습을 보여줌.','https://best-friend-bucket.s3.ap-southeast-2.amazonaws.com/c634d378-5','나승엽, 프리미어12 첫 타석서 홈런 대폭발'),('2024-11-14',328,6,'고영표가 대만 3번 타자 천제셴을 제거하기 위해 스피드와 변화구를 익혔다는 이슈.','https://best-friend-bucket.s3.ap-southeast-2.amazonaws.com/17a930fa-c','고영표 스피드·변화구 익혔다 대만 3번 천제셴 제거가'),('2024-11-14',329,6,'고영표가 2회 만루홈런과 2점 홈런을 허용하며 2이닝 6실점으로 무너진 경기.','https://best-friend-bucket.s3.ap-southeast-2.amazonaws.com/3e0b5296-e','\'2회 만루홈런 허용하며 6실점\' 믿었던 고영표 홈런 2방에 무너져'),('2024-11-14',330,6,'한국 대표팀이 대만 선발 린위민에게 완전히 밀린 경기 상황.','https://best-friend-bucket.s3.ap-southeast-2.amazonaws.com/5fe82eaa-e','선발 싸움서 완전히 밀린 류중일호…\'한국 천적\' 린위민에 또 당했다'),('2024-11-14',331,6,'고영표가 대만전에서 만루 홈런과 2점 홈런을 허용한 경기 상황이 주 이슈로 떠오름.','https://best-friend-bucket.s3.ap-southeast-2.amazonaws.com/26ac0bbf-9','\'이럴 수가\' 고영표가 무너졌다…만루 홈런→2점 홈런, 1이닝에 홈런만'),('2024-11-14',332,7,'나승엽이 대타로 출전해 프리미어12에서 한국 대표팀의 첫 홈런을 기록했다.','https://best-friend-bucket.s3.ap-southeast-2.amazonaws.com/bc7dbdb4-1','나승엽, 비디오 판독 끝에 프리미어12 대표팀 첫 홈런'),('2024-11-14',333,7,'나승엽이 대만전에서 한국 대표팀의 첫 홈런을 기록하며 추격의 발판을 마련했다.','https://best-friend-bucket.s3.ap-southeast-2.amazonaws.com/3ea28b84-5','나승엽 벼락 같은 추격포!..대표팀 첫 홈런 주인공'),('2024-11-14',334,7,'김도영이 대만전에서 첫 득점에 기여하며 한국의 추격을 시작하게 했다.','https://best-friend-bucket.s3.ap-southeast-2.amazonaws.com/620f28e4-3','벼랑 끝 한국, 김도영이 깨웠다…대만 상대 1타점 2루타 작렬 0-6→2-6 추...'),('2024-11-14',335,7,'윤동희가 프리미어12 대만전에서 4번 타자로 기용되며 큰 역할을 맡았다.','https://best-friend-bucket.s3.ap-southeast-2.amazonaws.com/209f307b-f','윤동희, 프리미어12 대만전 4번 타자 중책…컨디션 좋다'),('2024-11-14',336,7,'나승엽이 대만전에서 한국 대표팀 첫 홈런을 터뜨리며 그의 능력을 보여줬다.','https://best-friend-bucket.s3.ap-southeast-2.amazonaws.com/74f0ac80-b','대타로 등장한 나승엽, 한국 야구대표팀 첫 홈런 주인공'),('2024-11-14',337,8,'한화이글스가 역동적 변화 의지를 담은 신규 브랜드 아이덴티티와 유니폼을 공개했다.','https://best-friend-bucket.s3.ap-southeast-2.amazonaws.com/56bee248-e','한화이글스, 구단 신규 BI · 유니폼 공개'),('2024-11-14',338,8,'한화 이글스가 kt wiz의 자유계약선수 심우준의 보상선수로 한승주를 영입했다.','https://best-friend-bucket.s3.ap-southeast-2.amazonaws.com/628c1752-b','kt \'FA 심우준 보상\' 한화 한승주 지명'),('2024-11-14',339,8,'공주대학교와 한화이글스가 야구부 창단 추진을 위해 협력 방안을 논의했다.','https://best-friend-bucket.s3.ap-southeast-2.amazonaws.com/44d8ed70-8','\'야구부 창단 추진\' 공주대-한화이글스 협력 논'),('2024-11-14',340,8,'한화 이글스로 이적한 심우준의 보상선수로 kt wiz가 한승주를 선정했다.','https://best-friend-bucket.s3.ap-southeast-2.amazonaws.com/1aad3bc5-c','한화로 간 심우준 보상선수로 kt, 오른손 투수 한승주 \'낙점\''),('2024-11-14',341,8,'한국 야구대표팀이 한화 이글스 소속 곽빈을 선발투수로 내세워 쿠바와 대결한다.','https://best-friend-bucket.s3.ap-southeast-2.amazonaws.com/7f538990-7','코너 몰린 한국, 쿠바전 선발은 곽빈…모이넬로와 대결'),('2024-11-14',342,9,'나승엽이 대만과의 경기에서 대타로 등장해 홈런을 기록했다.','https://best-friend-bucket.s3.ap-southeast-2.amazonaws.com/fcd1335c-1','나승엽, 비디오 판독 끝에 프리미어12 대표팀 첫 홈런'),('2024-11-14',343,9,'나승엽이 대만전에서 대타로 홈런을 친 장면이 화제다.','https://best-friend-bucket.s3.ap-southeast-2.amazonaws.com/244a7053-c','나승엽 벼락 같은 추격포!..대표팀 첫 홈런 주인공'),('2024-11-14',344,9,'대타로 나선 나승엽이 대만전에서 첫 홈런을 기록했고 이는 비디오 판독을 거쳐 인정되었다.','https://best-friend-bucket.s3.ap-southeast-2.amazonaws.com/c01c79ce-2','대타로 등장한 나승엽, 한국 야구대표팀 첫 홈런 주인공'),('2024-11-14',345,9,'류중일 감독이 대만전 4번 타자로 윤동희를 내세웠다.','https://best-friend-bucket.s3.ap-southeast-2.amazonaws.com/7c8da4a7-f','프리미어12 대만과 첫 경기…류중일호, 4번 타자 윤동희 출격'),('2024-11-14',346,9,'한국팀이 선발 싸움에서 대만의 투수 린위민에게 밀렸다.','https://best-friend-bucket.s3.ap-southeast-2.amazonaws.com/dc84da01-e','선발 싸움서 완전히 밀린 류중일호…\'한국 천적\' 린위민에 또 당했다'),('2024-11-14',347,10,'키움 히어로즈 소속 김휘집이 대타로 출전하는 경기에서 고영표(NC 다이노스)의 부진한 투구가 문제로 제기됨.','https://best-friend-bucket.s3.ap-southeast-2.amazonaws.com/35ee0894-0','고영표의 불안한 투구'),('2024-11-14',348,10,'13일 광주에서 열린 정부박람회에서는 키움 히어로즈 관련 행사도 함께 진행됨.','https://best-friend-bucket.s3.ap-southeast-2.amazonaws.com/8bfaa474-b','정부박람회 부대 행사'),('2024-11-14',349,10,'키움 히어로즈가 고척스카이돔에서 서울시설공단과 함께 일일야구교실을 진행함.','https://best-friend-bucket.s3.ap-southeast-2.amazonaws.com/b8120ec5-8','키움 히어로즈 일일야구교실'),('2024-11-14',350,10,'키움 히어로즈 소속 문보경 대신 윤동희(롯데 자이언츠)가 대만전 4번 타자로 기용됨.','https://best-friend-bucket.s3.ap-southeast-2.amazonaws.com/6e4997b4-0','윤동희의 4번 기용'),('2024-11-14',351,10,'키움 히어로즈 경기에서 박동원이 중심타선의 일원으로 타격 기회를 받지 못해 아쉬움을 남김.','https://best-friend-bucket.s3.ap-southeast-2.amazonaws.com/87caa59a-7','박동원의 타격 기회'),('2024-11-16',352,1,'김도영이 프리미어12 쿠바전에서 만루 홈런과 멀티 홈런을 터뜨리며 한국의 첫 승리를 이끌었다.','https://best-friend-bucket.s3.ap-southeast-2.amazonaws.com/1c57f7ec-b','김도영 맹활약'),('2024-11-16',353,1,'프리미어12 일본전에서 KIA 타이거즈의 정해영이 중요한 순간에 홈런을 허용하며 불펜의 불안정함을 노출했다.','https://best-friend-bucket.s3.ap-southeast-2.amazonaws.com/5e6c7875-c','정해영 불안한 불펜'),('2024-11-16',354,1,'두산 베어스 곽빈이 프리미어12 쿠바전에서 4이닝 무실점의 호투로 한국의 승리에 기여하였다.','https://best-friend-bucket.s3.ap-southeast-2.amazonaws.com/91e38606-3','곽빈 무실점 호투'),('2024-11-16',355,1,'KIA 타이거즈가 올해 KBO리그에서 12번째 한국시리즈 우승과 통합 우승을 달성했다.','https://best-friend-bucket.s3.ap-southeast-2.amazonaws.com/26274005-a','KIA 통합 우승'),('2024-11-16',356,1,'한국 야구가 한일전에서 9연패에 빠지며 아쉬움을 남겼다.','https://best-friend-bucket.s3.ap-southeast-2.amazonaws.com/b3871f0e-1','한일전 연패'),('2024-11-16',357,2,'고영표가 경기 패배 후 아쉬움을 드러냈고 팬들에게 사과의 뜻을 전했다.','https://best-friend-bucket.s3.ap-southeast-2.amazonaws.com/c641b744-0','파이어볼러 고영표 아쉬움'),('2024-11-16',358,2,'임찬규가 도미니카공화국전에서 선발로 나서며 중요한 역할을 맡았다.','https://best-friend-bucket.s3.ap-southeast-2.amazonaws.com/7c2a68ed-6','임찬규 도미니카전 중책'),('2024-11-16',359,2,'도미니카공화국전에 선발출전하며 벼랑 끝 상황에서 어깨가 무겁다.','https://best-friend-bucket.s3.ap-southeast-2.amazonaws.com/6417123c-4','류중일호 도미니카전 선발'),('2024-11-16',360,2,'김도영이 KBO 대표로 말루포와 솔로홈런을 포함한 활약을 펼치며 팀을 위해 활약했다.','https://best-friend-bucket.s3.ap-southeast-2.amazonaws.com/951c1e62-4','KBO 슈퍼스타 몬스터홈런'),('2024-11-16',361,2,'김도영의 맹활약 속에 한국 야구대표팀이 쿠바를 꺾으며 대회 첫 승리를 거뒀다.','https://best-friend-bucket.s3.ap-southeast-2.amazonaws.com/98ce427c-c','한국, 쿠바전 승리'),('2024-11-16',362,3,'홍창기, 박동원, 유영찬, 신민재가 프리미어12 일본전에서 눈부신 활약을 보였다.','https://best-friend-bucket.s3.ap-southeast-2.amazonaws.com/dc5add10-4','LG 선수들 활약'),('2024-11-16',363,3,'박동원이 일본전에서 한국 국가대표로 첫 홈런을 기록했다.','https://best-friend-bucket.s3.ap-southeast-2.amazonaws.com/ba5d94ab-6','박동원 첫 홈런'),('2024-11-16',364,3,'임찬규가 도미니카공화국전 선발로 출격한다.','https://best-friend-bucket.s3.ap-southeast-2.amazonaws.com/101106c7-6','임찬규 중책'),('2024-11-16',365,3,'LG 소속의 불펜 투수들이 일본전에 무너져 아쉬움을 남겼다.','https://best-friend-bucket.s3.ap-southeast-2.amazonaws.com/7c14ac7c-8','불펜 흔들림'),('2024-11-16',366,3,'문보경이 일본전에 4번 타자로 복귀했다.','https://best-friend-bucket.s3.ap-southeast-2.amazonaws.com/daeadc52-0','문보경 복귀'),('2024-11-16',367,4,'두산 베어스의 \'천재 유격수\' 김재호가 21년의 선수 생활을 마무리하며 은퇴를 선언했다.','https://best-friend-bucket.s3.ap-southeast-2.amazonaws.com/be6d8e33-9','김재호 은퇴'),('2024-11-16',368,4,'두산 베어스가 빅리그에서 활약한 좌완 투수 콜 어빈을 총액 100만달러로 영입했다.','https://best-friend-bucket.s3.ap-southeast-2.amazonaws.com/d61a9c7f-2','콜 어빈 영입'),('2024-11-16',369,4,'최승용이 프리미어12 일본전에 선발 등판해 1⅔이닝 2실점으로 조기 강판되었다.','https://best-friend-bucket.s3.ap-southeast-2.amazonaws.com/a2d890c3-a','최승용 일본전'),('2024-11-16',370,4,'두산 베어스 곽빈이 쿠바전에서 4이닝 무실점 호투를 펼치며 승리에 기여했다.','https://best-friend-bucket.s3.ap-southeast-2.amazonaws.com/fd08cb5d-7','곽빈 쿠바전 호투'),('2024-11-16',371,4,'5회말 2사 만루 상황에서 이영하가 2타점 역전 적시타를 허용하며 두산의 패인이 되었다.','https://best-friend-bucket.s3.ap-southeast-2.amazonaws.com/6a0b695c-1','이영하 역전 허용'),('2024-11-17',417,1,'한국 야구대표팀의 핵심 타자인 김도영이 고관절 부상으로 경기 도중 교체되었습니다.','https://best-friend-bucket.s3.ap-southeast-2.amazonaws.com/82f217e5-9','김도영 부상'),('2024-11-17',419,1,'최원준(KIA 타이거즈)이 도미니카공화국전에서 결정적인 볼넷과 적시타를 기록하며 팀 승리에 기여했습니다.','https://best-friend-bucket.s3.ap-southeast-2.amazonaws.com/0a6b54ef-f','최원준 활약'),('2024-11-17',424,1,'KIA 타이거즈 소속 최지민과 곽도규가 연속 경기 등판하며 한국 야구 대표팀 불펜 투수들의 피로가 누적되고 있다.','https://best-friend-bucket.s3.ap-southeast-2.amazonaws.com/31af8af7-6','불펜 투수 피로'),('2024-11-17',425,1,'장현식의 FA 보상 선수 결정을 앞두고 KIA 타이거즈가 고민에 빠졌다. LG 트윈스에서 보호 선수 명단이 전달된 상황이다.','https://best-friend-bucket.s3.ap-southeast-2.amazonaws.com/006343fd-a','장현식 FA 보상'),('2024-11-17',426,1,'KIA 타이거즈 응원단의 \'삐끼삐끼춤\'이 SNS에서 화제가 되며 주목받고 있다.','https://best-friend-bucket.s3.ap-southeast-2.amazonaws.com/778eb35d-2','응원단 \'삐끼삐끼춤\''),('2024-11-17',427,2,'임찬규는 원태인의 부상으로 대체 선수로 대표팀에 합류.','https://best-friend-bucket.s3.ap-southeast-2.amazonaws.com/02c80c3d-1','임찬규 대표팀 합류'),('2024-11-17',428,2,'원태인은 어깨 부상으로 프리미어12에서 이탈했다.','https://best-friend-bucket.s3.ap-southeast-2.amazonaws.com/0a5dfe7b-6','원태인 부상'),('2024-11-17',429,2,'삼성 라이온즈는 LG 트윈스와의 플레이오프 경기에서 패배.','https://best-friend-bucket.s3.ap-southeast-2.amazonaws.com/9e3d5f05-5','LG와의 플레이오프'),('2024-11-17',430,2,'삼성 라이온즈 경기에서 고영표가 불펜에 대기 중.','https://best-friend-bucket.s3.ap-southeast-2.amazonaws.com/1d308c27-6','고영표 불펜 대기'),('2024-11-17',431,2,'박해민은 삼성 라이온즈 시절 주장을 역임했었다.','https://best-friend-bucket.s3.ap-southeast-2.amazonaws.com/3d138718-f','박해민 주장 경험'),('2024-11-17',432,3,'임찬규가 도미니카공화국전에서 3이닝 3실점으로 조기에 강판되었습니다.','https://best-friend-bucket.s3.ap-southeast-2.amazonaws.com/e84005a9-e','임찬규 조기 강판'),('2024-11-17',433,3,'임찬규는 도미니카공화국 타선에게 투런 홈런을 허용하며 어려움을 겪었습니다.','https://best-friend-bucket.s3.ap-southeast-2.amazonaws.com/5281e6bf-4','임찬규 투런포 헌납'),('2024-11-17',434,3,'임찬규는 원태인의 부상으로 대표팀에 대체 선수로 합류했습니다.','https://best-friend-bucket.s3.ap-southeast-2.amazonaws.com/8e065280-3','임찬규 대표팀'),('2024-11-17',435,3,'임찬규는 LG 트윈스의 에이스로 이번 시즌 팀을 위해 많은 경기에 출전했습니다.','https://best-friend-bucket.s3.ap-southeast-2.amazonaws.com/09afd8a2-b','LG 에이스 역할'),('2024-11-17',436,3,'LG 트윈스 팬들은 임찬규의 낭만 투구를 기대하며 응원하고 있습니다.','https://best-friend-bucket.s3.ap-southeast-2.amazonaws.com/643274f8-0','팬과의 교감'),('2024-11-17',437,4,'곽빈(두산 베어스)이 쿠바전에서 4이닝을 무실점으로 막아냈습니다.','https://best-friend-bucket.s3.ap-southeast-2.amazonaws.com/55707480-f','곽빈의 무실점 투구'),('2024-11-17',438,4,'두산 베어스의 마무리투수 김택연이 한국 야구 대표팀의 필승조로 야구 대회에 참여할 계획입니다.','https://best-friend-bucket.s3.ap-southeast-2.amazonaws.com/27d63fdc-8','김택연의 불펜'),('2024-11-17',439,4,'두산 베어스가 KT 위즈로 이적한 허경민의 FA 보상선수로 군입대를 앞둔 투수 김영현을 지명했습니다.','https://best-friend-bucket.s3.ap-southeast-2.amazonaws.com/13a5880b-d','김영현의 보상선수'),('2024-11-17',440,4,'한국 야구 대표팀에서 곽빈(두산 베어스)이 대회에서 가장 긴 4이닝을 소화하며 무실점을 기록했습니다.','https://best-friend-bucket.s3.ap-southeast-2.amazonaws.com/fd931d87-7','곽빈의 최장 투구'),('2024-11-17',441,4,'곽빈(두산 베어스)이 쿠바전에 선발로 등판하여 4이닝 무실점 투구로 팀에 기여했습니다.','https://best-friend-bucket.s3.ap-southeast-2.amazonaws.com/f7f59001-c','곽빈의 선발 등판'),('2024-11-17',442,5,'고영표(kt wiz)까지 불펜 대기를 고려하고 있으며, 대만전에서 2이닝 6실점으로 조기 교체되었다.','https://best-friend-bucket.s3.ap-southeast-2.amazonaws.com/b304b1b5-a','고영표 불펜 대기'),('2024-11-17',443,5,'소형준(KT 위즈)은 도미니카공화국전에서 1이닝 3피안타 1실점으로 부진한 모습을 보였다.','https://best-friend-bucket.s3.ap-southeast-2.amazonaws.com/5bd10c9a-5','소형준 부진'),('2024-11-17',444,5,'한국 야구 대표팀은 벼랑 끝에 몰린 상황에서 고영표(kt wiz)도 불펜으로 고려하고 있다.','https://best-friend-bucket.s3.ap-southeast-2.amazonaws.com/8666b499-3','고영표 불펜 고려'),('2024-11-17',445,5,'한국 대표팀의 임찬규(LG 트윈스)는 도미니카공화국전에서 3이닝 3실점으로 조기 강판되었다.','https://best-friend-bucket.s3.ap-southeast-2.amazonaws.com/17da09f4-9','임찬규 조기 강판'),('2024-11-17',446,5,'프리미어12 4차전에서 한국은 도미니카공화국에 9-6 대역전승을 거두며 4강행 희망을 이어갔다.','https://best-friend-bucket.s3.ap-southeast-2.amazonaws.com/e786b551-2','한국 대역전승'),('2024-11-17',447,6,'SSG 랜더스는 새 외국인 투수 미치 화이트와 계약 체결을 발표.','https://best-friend-bucket.s3.ap-southeast-2.amazonaws.com/82e742de-0','SSG 미치 화이트'),('2024-11-17',448,6,'박성한이 도미니카공화국과의 경기에서 역전 3루타로 활약.','https://best-friend-bucket.s3.ap-southeast-2.amazonaws.com/4e56a3f8-5','박성한 역전 3루타'),('2024-11-17',449,6,'박성한이 한국의 도미니카공화국전 대역전승에 기여.','https://best-friend-bucket.s3.ap-southeast-2.amazonaws.com/171633f5-7','SSG 박성한 활약'),('2024-11-17',450,6,'미치 화이트는 한국계 3세로 SSG 유니폼을 입게 됨.','https://best-friend-bucket.s3.ap-southeast-2.amazonaws.com/e76e0a77-9','미치 화이트 한국계'),('2024-11-17',451,6,'SSG 랜더스는 2025시즌 준비를 위해 미치 화이트 영입.','https://best-friend-bucket.s3.ap-southeast-2.amazonaws.com/3f7bc1bf-2','SSG 새 외인 투수'),('2024-11-17',452,7,'나승엽이 삼진을 당했으나, 문보경과 박동원이 연속 2루타를 기록하며 팀이 따라붙었다.','https://best-friend-bucket.s3.ap-southeast-2.amazonaws.com/1a276038-d','나승엽의 삼진'),('2024-11-17',453,7,'김도영이 고관절 통증으로 알렌 핸슨의 적시타 후 나승엽과 교체되었다.','https://best-friend-bucket.s3.ap-southeast-2.amazonaws.com/2009a87c-b','김도영 교체'),('2024-11-17',454,7,'박성한이 역전 결승 3루타를 기록하며 한국 팀이 승리를 이끌었다.','https://best-friend-bucket.s3.ap-southeast-2.amazonaws.com/2f5571ca-9','박성한 결승타'),('2024-11-17',455,7,'롯데 자이언츠의 투수 김원중이 BNK 경기에 시구자로 나섰다.','https://best-friend-bucket.s3.ap-southeast-2.amazonaws.com/05184069-3','김원중의 시구'),('2024-11-17',456,7,'한국이 프리미어12 4차전에서 도미니카공화국을 상대로 9-6 역전승을 거두었다.','https://best-friend-bucket.s3.ap-southeast-2.amazonaws.com/350a76b6-d','도미니카전 역전승'),('2024-11-17',457,8,'한화 이글스는 시즌 준비를 위해 FA 계약에 적극적으로 나서며 과감한 투자를 하고 있습니다.','https://best-friend-bucket.s3.ap-southeast-2.amazonaws.com/f1ba4109-5','FA 계약'),('2024-11-17',458,8,'한화 이글스는 국내 선수 이적과 관련한 전략적인 선택을 통해 팀 전력을 강화하고 있습니다.','https://best-friend-bucket.s3.ap-southeast-2.amazonaws.com/e145c06e-7','국내 선수 이적'),('2024-11-17',459,8,'한화 이글스는 시즌을 앞두고 투수진 보강에 집중하고 있으며, 새로운 선수 영입에 나서고 있습니다.','https://best-friend-bucket.s3.ap-southeast-2.amazonaws.com/b719bbbb-a','투수진 보강'),('2024-11-17',460,8,'한화 이글스는 선수 부상 관리와 재활 프로그램을 통해 주축 선수들의 건강을 유지하고자 합니다.','https://best-friend-bucket.s3.ap-southeast-2.amazonaws.com/59aa05ce-4','선수 부상 관리'),('2024-11-17',461,8,'한화 이글스는 장기적인 관점에서 팀의 성과를 향상시키기 위해 미래 준비에 주력을 다하고 있습니다.','https://best-friend-bucket.s3.ap-southeast-2.amazonaws.com/04da1d9c-d','미래 준비'),('2024-11-17',462,9,'한국 야구 대표팀이 프리미어12 4차전에서 도미니카공화국에 9-6으로 역전승을 거두며 4강행 희망을 이어갔다.','https://best-friend-bucket.s3.ap-southeast-2.amazonaws.com/43eb2a47-c','한국, 도미니카전 승리'),('2024-11-17',463,9,'LG 트윈스의 에이스 임찬규가 도미니카공화국전에서 3이닝 동안 3실점 후 조기 강판되었다.','https://best-friend-bucket.s3.ap-southeast-2.amazonaws.com/b93bc6e8-3','임찬규 도미니카전 강판'),('2024-11-17',464,9,'박동원이 일본전에서 솔로 홈런을 기록하며 5번 타자로 이동하여 도미니카공화국전에 출전했다.','https://best-friend-bucket.s3.ap-southeast-2.amazonaws.com/0ecc72a1-0','박동원 5번 타자 출전'),('2024-11-17',465,9,'김도영이 도미니카공화국전에서 고관절 통증으로 교체되었다.','https://best-friend-bucket.s3.ap-southeast-2.amazonaws.com/a87249ce-4','김도영 부상 교체'),('2024-11-17',466,9,'SSG 랜더스가 한국계 메이저리거 미치 화이트와 외국인 투수 계약을 체결했다.','https://best-friend-bucket.s3.ap-southeast-2.amazonaws.com/1ec6cbfe-4','미치 화이트 SSG 합류'),('2024-11-17',467,10,'송성문(키움 히어로즈)이 도미니카공화국과의 경기에서 결정적인 적시타를 날렸습니다.','https://best-friend-bucket.s3.ap-southeast-2.amazonaws.com/2785ee46-0','키움 출신 송성문'),('2024-11-17',468,10,'송성문(키움 히어로즈)이 적시타를 쳐서 한국이 5-6까지 따라갔습니다.','https://best-friend-bucket.s3.ap-southeast-2.amazonaws.com/7b44651e-1','송성문 역전타'),('2024-11-17',469,10,'김도영의 부상으로 1루수였던 송성문(키움 히어로즈)이 3루수로 이동했습니다.','https://best-friend-bucket.s3.ap-southeast-2.amazonaws.com/8a90b414-3','김도영 부상'),('2024-11-17',470,10,'송성문(키움 히어로즈)의 적시타로 6점 차 역전승에 기여했습니다.','https://best-friend-bucket.s3.ap-southeast-2.amazonaws.com/5c569af0-9','도미니카에 역전'),('2024-11-17',471,10,'송성문(키움 히어로즈)이 한국 대표팀의 대역전승에 기여했습니다.','https://best-friend-bucket.s3.ap-southeast-2.amazonaws.com/e684f6c3-6','송성문 투혼'),('2024-11-18',482,1,'KIA가 오키나와에서 지옥의 마무리캠프 진행 중이다.','https://best-friend-bucket.s3.ap-southeast-2.amazonaws.com/4d3de1f2-f','KIA 타이거즈 캠프'),('2024-11-18',483,1,'광주에서 KIA 타이거즈의 \'V12\' 카퍼레이드가 열린다.','https://best-friend-bucket.s3.ap-southeast-2.amazonaws.com/a43b92e5-3','KIA V12 카퍼레이드'),('2024-11-18',484,1,'김도영 등 KIA 선수들이 프리미어 12에서 인상적인 경기력을 보였다.','https://best-friend-bucket.s3.ap-southeast-2.amazonaws.com/9c3a9f32-0','KIA 선수들의 활약'),('2024-11-18',485,1,'KIA 타이거즈는 내년에도 우승을 목표로 준비 중이다.','https://best-friend-bucket.s3.ap-southeast-2.amazonaws.com/744ff9e7-c','KIA의 왕조 부활 목표'),('2024-11-18',486,1,'장현식은 KIA 타이거즈로 트레이드되어 좋은 활약을 펼쳤다.','https://best-friend-bucket.s3.ap-southeast-2.amazonaws.com/a351213a-d','장현식 KIA 입단'),('2024-11-18',487,2,'루벤 카데나스가 삼성 라이온즈에서 \'태업 논란\'을 일으키고 떠났음.','https://best-friend-bucket.s3.ap-southeast-2.amazonaws.com/aacfdc6c-6','카데나스 태업'),('2024-11-18',488,2,'삼성 라이온즈가 스토브리그에서 조용한 행보를 보이고 있음.','https://best-friend-bucket.s3.ap-southeast-2.amazonaws.com/0c5b577c-a','스토브리그 상황'),('2024-11-18',489,2,'삼성 라이온즈 선수들 부상으로 프리미어 12 대표팀에 합류하지 못함.','https://best-friend-bucket.s3.ap-southeast-2.amazonaws.com/e52f0729-a','프리미어 12 탈락'),('2024-11-18',490,2,'이흥련 배터리 코치가 삼성 라이온즈에 9년 만에 복귀.','https://best-friend-bucket.s3.ap-southeast-2.amazonaws.com/d851a2ab-2','이흥련 컴백'),('2024-11-18',491,2,'KIA와 삼성 라이온즈의 한국시리즈 맞대결에서 KIA 승리.','https://best-friend-bucket.s3.ap-southeast-2.amazonaws.com/1121625b-1','한국시리즈'),('2024-11-18',492,3,'박해민이 LG 트윈스의 새 주장이 되었고, 장현식이 새 가족으로 팀에 합류했다.','https://best-friend-bucket.s3.ap-southeast-2.amazonaws.com/588c6e3d-d','새 캡틴 박해민'),('2024-11-18',493,3,'일본 슈퍼스타 마키 슈고와 신민재가 경기 중 충돌하였고, 슈고가 사과했다.','https://best-friend-bucket.s3.ap-southeast-2.amazonaws.com/784f8dcf-7','신민재 충돌 사건'),('2024-11-18',494,3,'경헌호 코치가 LG 트윈스와의 25년 인연을 뒤로하고 SSG 랜더스로 옮겼다.','https://best-friend-bucket.s3.ap-southeast-2.amazonaws.com/590c773e-b','25년 인연과 작별'),('2024-11-18',495,3,'LG 트윈스의 50억 에이스 임찬규가 선발 경기에서 다시 실패했다.','https://best-friend-bucket.s3.ap-southeast-2.amazonaws.com/764c7ff6-9','임찬규 에이스 실패'),('2024-11-18',496,3,'LG 트윈스가 여러 기부 활동을 통해 팬들과 사회에 기여하고 있다.','https://best-friend-bucket.s3.ap-southeast-2.amazonaws.com/816993ee-4','기부와 LG 팬들'),('2024-11-18',497,4,'SSG 랜더스가 롯데 자이언츠와의 경기에서 앤더슨을 통해 연봉 2배 인상 성과를 얻었고, 두산 베어스 전에서도 좋은 성과를 올렸다.','https://best-friend-bucket.s3.ap-southeast-2.amazonaws.com/b164b8dd-1','두산 베어스전 앤더슨'),('2024-11-18',498,4,'이흥련 코치는 삼성 라이온즈에서 프로 생활을 시작해 두산 베어스와 SSG 랜더스를 거쳐 새로운 지도자로 컴백했다.','https://best-friend-bucket.s3.ap-southeast-2.amazonaws.com/109608db-2','삼성 출신 코치 합류'),('2024-11-18',499,4,'LG 트윈스의 임찬규가 두산 베어스와의 경기에서 3이닝 후 강판되며 연속 선발 실패를 겪었으나 국가대표 포수는 희망을 주었다.','https://best-friend-bucket.s3.ap-southeast-2.amazonaws.com/037db05b-2','임찬규 선발 실패'),('2024-11-18',500,5,'KT 위즈의 신인 박영현이 데뷔 시즌부터 두각을 나타내며 \'특급 불펜\'으로 활약했다.','https://best-friend-bucket.s3.ap-southeast-2.amazonaws.com/551d2bad-6','박영현의 무실점 행진'),('2024-11-18',501,5,'KT 위즈의 앤더슨이 연봉이 2배 인상되었다.','https://best-friend-bucket.s3.ap-southeast-2.amazonaws.com/b379bde6-3','앤더슨 연봉 인상'),('2024-11-18',502,5,'KT 위즈 선수가 준플레이오프에서 삼성 라이온즈를 상대로 승리를 안겼다.','https://best-friend-bucket.s3.ap-southeast-2.amazonaws.com/5606fb42-3','준플레이오프 승리'),('2024-11-18',503,6,'추신수는 2022년 SSG 랜더스의 한국시리즈 우승을 역사적으로 표현하며 큰 행복을 느꼈다고 전했다.','https://best-friend-bucket.s3.ap-southeast-2.amazonaws.com/801af974-3','추신수 SSG 우승 소감'),('2024-11-18',504,6,'드류 앤더슨이 SSG 랜더스와 연봉 2배 인상으로 재계약을 체결하고 2025 시즌에도 함께 하게 된다.','https://best-friend-bucket.s3.ap-southeast-2.amazonaws.com/e142d4a4-d','앤더슨 재계약 성사'),('2024-11-18',505,6,'경헌호 코치가 LG 트윈스를 떠나 SSG 랜더스 투수 코치로 새롭게 합류했다.','https://best-friend-bucket.s3.ap-southeast-2.amazonaws.com/4bd76119-f','경헌호 코치 합류'),('2024-11-18',506,6,'SSG 랜더스는 팀 리빌딩을 위해 외국인 선수들을 영입하며 준비를 차근차근 진행하고 있다.','https://best-friend-bucket.s3.ap-southeast-2.amazonaws.com/3552006d-f','SSG 외국인 선수 영입'),('2024-11-18',507,6,'박성한은 프리미어 12에서 인상 깊은 활약을 선보였으나 팀을 슈퍼라운드로 이끌지는 못했다.','https://best-friend-bucket.s3.ap-southeast-2.amazonaws.com/06af7fb1-4','박성한 프리미어12 활약'),('2024-11-18',508,8,'한화 이글스의 가을 야구 진출 여부가 주목받고 있음.','https://best-friend-bucket.s3.ap-southeast-2.amazonaws.com/817f83e6-e','가을야구 가능성'),('2024-11-18',509,8,'한화 이글스의 김서현이 160km 속구로 화제를 모으고 있음.','https://best-friend-bucket.s3.ap-southeast-2.amazonaws.com/15b8f54f-5','160㎞ 파이어볼러'),('2024-11-18',510,8,'전 KBO리그 선수 카데나스가 한화 이글스와 키움 히어로즈에 구직 의사를 밝힘.','https://best-friend-bucket.s3.ap-southeast-2.amazonaws.com/1715a8a7-b','카데나스 구직활동'),('2024-11-18',511,8,'한화 이글스의 정우주가 마무리 캠프에서 좋은 성과를 보임.','https://best-friend-bucket.s3.ap-southeast-2.amazonaws.com/93bfa8a6-2','마무리캠프 소식'),('2024-11-18',512,8,'김서현 등 한화 선수들이 활약했으나 한국 팀이 프리미어 12에서 탈락함.','https://best-friend-bucket.s3.ap-southeast-2.amazonaws.com/4c332ffd-b','프리미어 12 탈락'),('2024-11-18',513,9,'장현식은 NC 다이노스에서 KIA 타이거즈로 트레이드되었다.','https://best-friend-bucket.s3.ap-southeast-2.amazonaws.com/9a525bad-d','장현식, KIA로 트레이드'),('2024-11-18',514,9,'한화 이글스의 정우주가 NC 다이노스를 만난 첫 실전에서 좋은 성과를 냈다.','https://best-friend-bucket.s3.ap-southeast-2.amazonaws.com/42b8afec-7','정우주, 한화 입단'),('2024-11-18',515,9,'NC 다이노스가 팬들과 \'2024 타운홀 미팅\'을 통한 시즌 마무리 축제를 계획하고 있다.','https://best-friend-bucket.s3.ap-southeast-2.amazonaws.com/6ecb0e9c-4','NC 다이노스 시즌 마무리 행사'),('2024-11-18',516,10,'송성문의 활약으로 한국 야구 대표팀이 대역전 드라마를 시작했다.','https://best-friend-bucket.s3.ap-southeast-2.amazonaws.com/62287d77-6','국대 첫 안타'),('2024-11-18',517,10,'키움 히어로즈와 한화 이글스가 새로운 외국인 타자를 물색 중이다.','https://best-friend-bucket.s3.ap-southeast-2.amazonaws.com/21e9676e-5','새 외인 타자 찾기'),('2024-11-19',526,1,'KIA 타이거즈의 김도영은 프리미어12에서 득점력과 파워를 선보이며 한국 야구의 밝은 미래를 보여주었다.','https://best-friend-bucket.s3.ap-southeast-2.amazonaws.com/a0523561-a','김도영 프리미어12 활약'),('2024-11-19',527,1,'김도영은 프리미어12에서 인상적인 타격 능력으로 호주전에서 큰 활약을 펼치며 팀 승리를 이끌었다.','https://best-friend-bucket.s3.ap-southeast-2.amazonaws.com/77df8a94-0','KIA 김도영 맹활약'),('2024-11-19',528,1,'이번 KBO 시즌, 김도영은 KIA 타이거즈의 중요한 선수로 자리매김하며 팀의 통합 우승을 견인했다.','https://best-friend-bucket.s3.ap-southeast-2.amazonaws.com/a7f3551a-3','KIA 우승의 주역 김도영'),('2024-11-19',529,1,'세계 야구 무대에서 김도영은 탁월한 성과를 내며 국제경쟁력을 입증하고 있다.','https://best-friend-bucket.s3.ap-southeast-2.amazonaws.com/bc38d0ba-6','김도영, WBSC 주목'),('2024-11-19',530,1,'KIA의 베테랑 김선빈은 2천 안타를 꼭 달성하고 싶다는 목표를 밝혔다.','https://best-friend-bucket.s3.ap-southeast-2.amazonaws.com/de74186c-d','김선빈의 목표'),('2024-11-19',533,3,'서울시는 LG 트윈스와 두산 베어스의 홈구장인 잠실구장을 허물고 그 자리에 새로운 돔구장을 건설할 계획이 발표되었습니다.','https://best-friend-bucket.s3.ap-southeast-2.amazonaws.com/cf205f14-9','잠실구장 돔구장 추진'),('2024-11-19',534,3,'LG 트윈스의 홍창기는 호주와의 경기에서 선두타자로 출전해 좌전 안타를 기록하며 한국의 5:2 승리에 기여했습니다.','https://best-friend-bucket.s3.ap-southeast-2.amazonaws.com/3b226bf8-3','홍창기 활약, 한국 승리'),('2024-11-19',535,3,'LG 트윈스의 임찬규는 프리미어12 도미니카전에서 3이닝 3실점으로 부진하여 팀의 4강 진출에 실패하였습니다.','https://best-friend-bucket.s3.ap-southeast-2.amazonaws.com/fc98bfc7-6','임찬규 부진, 팀 탈락'),('2024-11-19',536,3,'삼성과의 재계약에서 LG 트윈스와의 플레이오프에서 돋보인 디아즈는 KIA 타이거즈와의 한국시리즈에서도 뛰어난 활약을 보였습니다.','https://best-friend-bucket.s3.ap-southeast-2.amazonaws.com/0de183ff-a','디아즈 삼성과 재계약'),('2024-11-19',537,3,'LG 트윈스의 장현식은 FA 계약으로 4년 52억원을 확보하며, 무옵션, 전액보장의 조건을 이끌어냈습니다.','https://best-friend-bucket.s3.ap-southeast-2.amazonaws.com/5398b470-4','장현식 FA 계약'),('2024-11-19',538,4,'두산 베어스의 감독 이승엽이 외야진에 무한 경쟁 체제를 도입하며, 기존 베테랑 선수들에게 도전장을 던졌습니다. 젊은 외야수들의 성장을 지켜보는 재미가 있을 것입니다.','https://best-friend-bucket.s3.ap-southeast-2.amazonaws.com/86c1a7d4-d','두산 외야 무한경쟁'),('2024-11-19',539,4,'두산 베어스의 최승용이 프리미어12 호주전에 등판해 팀 승리에 기여했습니다. 그의 뛰어난 피칭은 중요한 경기에서 압도적이었습니다.','https://best-friend-bucket.s3.ap-southeast-2.amazonaws.com/ec2abb74-0','최승용, 호주전 맹활약'),('2024-11-19',540,4,'두산 베어스의 투수들이 이번 국제 대회에서 어려움을 겪었습니다. 몇몇 투수가 기대만큼의 이닝을 소화하지 못하면서 팀이 아쉬움을 남겼습니다.','https://best-friend-bucket.s3.ap-southeast-2.amazonaws.com/42efb864-9','두산 투수진 이탈 소식'),('2024-11-19',541,4,'두산 베어스의 임찬규가 프리미어12에서 도미니카공화국을 상대로 투구했으나, 원하는 결과를 얻지 못했습니다. 그의 활약에 대한 기대가 여전히 큽니다.','https://best-friend-bucket.s3.ap-southeast-2.amazonaws.com/500ad170-7','두산 투수 임찬규'),('2024-11-19',542,5,'KT 위즈는 엄상백의 보상선수로 장진혁을 지명하여 외야뎁스를 강화했다. 이번 보상 선수 지명은 팀의 미래 외야 뎁스 강화에 큰 도움이 될 예정이다.','https://best-friend-bucket.s3.ap-southeast-2.amazonaws.com/e2ab9d81-6','KT 위즈 장진혁 지명'),('2024-11-19',543,5,'KT 위즈는 한화와 FA 계약을 맺은 엄상백의 보상으로 외야수 장진혁을 선택했다. 이를 통해 팀의 외야수 뎁스가 보다 강화될 전망이다.','https://best-friend-bucket.s3.ap-southeast-2.amazonaws.com/7ac2d43d-3','FA 보상선수 장진혁'),('2024-11-19',544,5,'KT 위즈가 FA 엄상백의 보상 선수로 외야수 장진혁을 지명하였으며, 이는 야수진 강화 전략의 일환이다.','https://best-friend-bucket.s3.ap-southeast-2.amazonaws.com/f6c69679-4','엄상백 보상선수 결정'),('2024-11-19',545,5,'프로야구 KT 위즈는 한화에서 FA로 영입된 엄상백의 보상선수로 장진혁을 선택하며, 외야진을 보강하게 되었다.','https://best-friend-bucket.s3.ap-southeast-2.amazonaws.com/af69a9fd-f','KT, 장진혁 영입'),('2024-11-19',546,5,'KT는 FA 엄상백의 보상선수로 장진혁을 발탁하며 외야 라인의 경쟁력을 높이고자 한다.','https://best-friend-bucket.s3.ap-southeast-2.amazonaws.com/bcad8ab0-f','장진혁 KT 전격 합류'),('2024-11-19',547,6,'SSG 랜더스가 2028년부터 사용할 돔구장을 준비 중이며, 현재 기초공사 단계다.','https://best-friend-bucket.s3.ap-southeast-2.amazonaws.com/7cd895ff-5','SSG, 새 홈구장 추진'),('2024-11-19',548,6,'SSG 랜더스는 외국인 투수 드류 앤더슨과 재계약했다. 그는 KBO리그에서 높은 탈삼진율을 기록했다.','https://best-friend-bucket.s3.ap-southeast-2.amazonaws.com/5f3ac3a1-1','SSG, 드류 앤더슨 재계약'),('2024-11-19',549,6,'SSG 랜더스의 박성한이 프리미어12에서 뛰어난 활약을 보여 차세대 국가대표 유격수로 자리매김했다.','https://best-friend-bucket.s3.ap-southeast-2.amazonaws.com/d1f377f9-4','SSG 유격수 박성한의 활약'),('2024-11-19',550,2,'박영현이 WBC 오승환처럼 위력적인 직구를 선보이며 국제 무대에서도 인정받았다.','https://best-friend-bucket.s3.ap-southeast-2.amazonaws.com/f569e290-3','오승환 2006의 재림'),('2024-11-19',552,2,'KBO를 대표하는 젊은 삼성 투수들의 부상에도 불구하고, 대표팀의 선전을 돋보이게 만들었다.','https://best-friend-bucket.s3.ap-southeast-2.amazonaws.com/6097e16d-e','부상에도 대표팀 선전'),('2024-11-19',553,2,'르윈 디아즈는 삼성 라이온즈와의 재계약을 목표로 하며, 포스트시즌에서 강력한 인상을 남겼다.','https://best-friend-bucket.s3.ap-southeast-2.amazonaws.com/aa325fdd-9','디아즈 삼성 재계약 관심'),('2024-11-19',555,2,'전 MLB 스타 바에르가는 과거 삼성 라이온즈에서 외국인 선수로 활약한 경험이 있다.','https://best-friend-bucket.s3.ap-southeast-2.amazonaws.com/270812e2-3','바에르가 삼성 경력'),('2024-11-19',556,2,'류중일 감독은 프리미어12 탈락과 함께 사임하며, 삼성 젊은 투수들의 부상 이탈이 아쉬움을 남겼다.','https://best-friend-bucket.s3.ap-southeast-2.amazonaws.com/090fe531-9','류중일 감독 물러남');
/*!40000 ALTER TABLE `news` ENABLE KEYS */;
UNLOCK TABLES;

--
-- Table structure for table `team`
--

DROP TABLE IF EXISTS `team`;
/*!40101 SET @saved_cs_client     = @@character_set_client */;
/*!50503 SET character_set_client = utf8mb4 */;
CREATE TABLE `team` (
  `team_id` bigint NOT NULL AUTO_INCREMENT,
  `location` varchar(255) DEFAULT NULL,
  `team_name` varchar(255) DEFAULT NULL,
  PRIMARY KEY (`team_id`)
) ENGINE=InnoDB AUTO_INCREMENT=12 DEFAULT CHARSET=utf8mb4 COLLATE=utf8mb4_0900_ai_ci;
/*!40101 SET character_set_client = @saved_cs_client */;

--
-- Dumping data for table `team`
--

LOCK TABLES `team` WRITE;
/*!40000 ALTER TABLE `team` DISABLE KEYS */;
INSERT INTO `team` VALUES (1,'광주','KIA'),(2,'대구','삼성'),(3,'잠실','LG'),(4,'잠실','두산'),(5,'수원','KT'),(6,'문학','SSG'),(7,'사직','롯데'),(8,'대전','한화'),(9,'창원','NC'),(10,'고척','키움'),(11,'없음','없음');
/*!40000 ALTER TABLE `team` ENABLE KEYS */;
UNLOCK TABLES;

--
-- Table structure for table `team_rank`
--

DROP TABLE IF EXISTS `team_rank`;
/*!40101 SET @saved_cs_client     = @@character_set_client */;
/*!50503 SET character_set_client = utf8mb4 */;
CREATE TABLE `team_rank` (
  `team_rank_id` bigint NOT NULL AUTO_INCREMENT,
  `created_at` datetime(6) DEFAULT NULL,
  `draw_count` int NOT NULL,
  `last10games_results` varchar(255) DEFAULT NULL,
  `loss_count` int NOT NULL,
  `odds` double NOT NULL,
  `team_name` varchar(255) DEFAULT NULL,
  `team_rank` int NOT NULL,
  `win_count` int NOT NULL,
  PRIMARY KEY (`team_rank_id`),
  UNIQUE KEY `UK7bap6ntet2p7fnrlvdvm1c9t5` (`team_name`)
) ENGINE=InnoDB AUTO_INCREMENT=51 DEFAULT CHARSET=utf8mb4 COLLATE=utf8mb4_0900_ai_ci;
/*!40101 SET character_set_client = @saved_cs_client */;

--
-- Dumping data for table `team_rank`
--

LOCK TABLES `team_rank` WRITE;
/*!40000 ALTER TABLE `team_rank` DISABLE KEYS */;
INSERT INTO `team_rank` VALUES (41,'2024-11-19 00:00:03.059971',2,'5승0무5패',55,0.613,'KIA',1,87),(42,'2024-11-19 00:00:03.060068',2,'3승0무7패',64,0.549,'삼성',2,78),(43,'2024-11-19 00:00:03.060074',2,'7승0무3패',66,0.535,'LG',3,76),(44,'2024-11-19 00:00:03.060078',2,'8승0무2패',68,0.521,'두산',4,74),(45,'2024-11-19 00:00:03.060082',2,'5승0무5패',70,0.507,'KT',5,72),(46,'2024-11-19 00:00:03.060085',2,'8승0무2패',70,0.507,'SSG',6,72),(47,'2024-11-19 00:00:03.060088',4,'4승0무6패',74,0.471,'롯데',7,66),(48,'2024-11-19 00:00:03.060091',2,'5승0무5패',76,0.465,'한화',8,66),(49,'2024-11-19 00:00:03.060094',2,'2승0무8패',81,0.43,'NC',9,61),(50,'2024-11-19 00:00:03.060097',0,'1승0무9패',86,0.403,'키움',10,58);
/*!40000 ALTER TABLE `team_rank` ENABLE KEYS */;
UNLOCK TABLES;
/*!40103 SET TIME_ZONE=@OLD_TIME_ZONE */;

/*!40101 SET SQL_MODE=@OLD_SQL_MODE */;
/*!40014 SET FOREIGN_KEY_CHECKS=@OLD_FOREIGN_KEY_CHECKS */;
/*!40014 SET UNIQUE_CHECKS=@OLD_UNIQUE_CHECKS */;
/*!40101 SET CHARACTER_SET_CLIENT=@OLD_CHARACTER_SET_CLIENT */;
/*!40101 SET CHARACTER_SET_RESULTS=@OLD_CHARACTER_SET_RESULTS */;
/*!40101 SET COLLATION_CONNECTION=@OLD_COLLATION_CONNECTION */;
/*!40111 SET SQL_NOTES=@OLD_SQL_NOTES */;

-- Dump completed on 2024-11-19 10:07:27
